_id,EntryId,TIME,CoordinateX,CoordinateY,WIFI_SSID,WIFI_BSSID,WIFI_LEVEL
61,1,20220401_152441,0.0,0.0,eduroam,b8:3a:5a:bc:1e:e0,-77
62,1,20220401_152441,0.0,0.0,Visit-Ed,b8:3a:5a:bb:ec:e2,-78
63,1,20220401_152441,0.0,0.0,Visit-Ed,b8:3a:5a:bc:1e:e2,-78
64,1,20220401_152441,0.0,0.0,central,b8:3a:5a:bc:1e:e1,-79
65,1,20220401_152441,0.0,0.0,eduroam,04:da:d2:28:60:a1,-80
66,1,20220401_152441,0.0,0.0,central,04:da:d2:28:60:a0,-81
67,2,20220401_152459,0.0,1.56,Visit-Ed,b8:3a:5a:ba:60:62,-78
68,2,20220401_152459,0.0,1.56,eduroam,b8:3a:5a:ba:69:a0,-78
69,2,20220401_152459,0.0,1.56,central,b8:3a:5a:ba:60:61,-79
70,2,20220401_152459,0.0,1.56,eduroam,b8:3a:5a:bc:1e:e0,-79
71,2,20220401_152459,0.0,1.56,central,b8:3a:5a:ba:69:a1,-80
72,2,20220401_152459,0.0,1.56,Visit-Ed,b8:3a:5a:bc:1e:e2,-80
73,2,20220401_152459,0.0,1.56,Visit-Ed,b8:3a:5a:ba:69:a2,-80
74,2,20220401_152459,0.0,1.56,eduroam,b8:3a:5a:ba:c3:a0,-81
75,2,20220401_152459,0.0,1.56,eduroam,b8:3a:5a:ba:60:60,-81
76,2,20220401_152459,0.0,1.56,central,b8:3a:5a:bc:1e:e1,-82
77,2,20220401_152459,0.0,1.56,central,b8:3a:5a:ba:c3:a1,-86
78,2,20220401_152459,0.0,1.56,Visit-Ed,b8:3a:5a:ba:c3:a2,-86
79,2,20220401_152459,0.0,1.56,DIRECT-qVPhaser 3330,9e:93:4e:73:de:22,-86
80,3,20220401_152641,0.0,4.58,Visit-Ed,b8:3a:5a:bc:1e:e2,-70
81,3,20220401_152641,0.0,4.58,eduroam,b8:3a:5a:bc:1e:e0,-70
82,3,20220401_152641,0.0,4.58,central,b8:3a:5a:bc:1e:e1,-72
83,3,20220401_152641,0.0,4.58,central,b8:3a:5a:ba:69:a1,-74
84,3,20220401_152641,0.0,4.58,Visit-Ed,b8:3a:5a:ba:69:a2,-74
85,3,20220401_152641,0.0,4.58,eduroam,b8:3a:5a:bb:ec:e0,-76
86,3,20220401_152641,0.0,4.58,central,b8:3a:5a:bb:ec:e1,-78
87,3,20220401_152641,0.0,4.58,Visit-Ed,b8:3a:5a:bb:ec:e2,-78
88,3,20220401_152641,0.0,4.58,Visit-Ed,b8:3a:5a:ba:60:62,-78
89,3,20220401_152641,0.0,4.58,DIRECT-68-HP ENVY 5000 series,f6:39:09:fb:f6:68,-82
90,3,20220401_152641,0.0,4.58,DIRECT-qVPhaser 3330,9e:93:4e:73:de:22,-82
91,3,20220401_152641,0.0,4.58,central,b8:3a:5a:bb:ec:f1,-85
92,3,20220401_152641,0.0,4.58,Visit-Ed,b8:3a:5a:bc:1e:f2,-85
93,3,20220401_152641,0.0,4.58,eduroam,b8:3a:5a:ba:69:b0,-86
94,3,20220401_152641,0.0,4.58,Visit-Ed,b8:3a:5a:ba:69:b2,-86
95,3,20220401_152641,0.0,4.58,central,b8:3a:5a:bc:1e:f1,-86
96,3,20220401_152641,0.0,4.58,eduroam,b8:3a:5a:bc:1e:f0,-86
97,3,20220401_152641,0.0,4.58,central,b8:3a:5a:ba:69:b1,-87
98,4,20220401_152742,0.0,5.9,Visit-Ed,b8:3a:5a:ba:69:a2,-66
99,4,20220401_152742,0.0,5.9,central,b8:3a:5a:ba:69:a1,-67
100,4,20220401_152742,0.0,5.9,eduroam,b8:3a:5a:bb:ec:e0,-68
101,4,20220401_152742,0.0,5.9,eduroam,b8:3a:5a:ba:69:a0,-68
102,4,20220401_152742,0.0,5.9,Innspace,00:ad:24:59:bd:40,-70
103,4,20220401_152742,0.0,5.9,central,b8:3a:5a:bb:ec:e1,-71
104,4,20220401_152742,0.0,5.9,Visit-Ed,b8:3a:5a:bb:ec:e2,-71
105,4,20220401_152742,0.0,5.9,central,b8:3a:5a:bc:1e:e1,-74
106,4,20220401_152742,0.0,5.9,Visit-Ed,b8:3a:5a:bc:1e:e2,-74
107,4,20220401_152742,0.0,5.9,eduroam,b8:3a:5a:bc:1e:e0,-76
108,4,20220401_152742,0.0,5.9,eduroam,b8:3a:5a:bb:ec:f0,-77
109,4,20220401_152742,0.0,5.9,central,b8:3a:5a:bb:ec:f1,-77
110,4,20220401_152742,0.0,5.9,Visit-Ed,b8:3a:5a:bb:ec:f2,-77
111,4,20220401_152742,0.0,5.9,DIRECT-68-HP ENVY 5000 series,f6:39:09:fb:f6:68,-79
112,4,20220401_152742,0.0,5.9,DIRECT-qVPhaser 3330,9e:93:4e:73:de:22,-80
113,4,20220401_152742,0.0,5.9,Visit-Ed,b8:3a:5a:ba:c3:a2,-81
114,4,20220401_152742,0.0,5.9,eduroam,b8:3a:5a:ba:69:b0,-81
115,4,20220401_152742,0.0,5.9,Visit-Ed,b8:3a:5a:ba:69:b2,-81
116,4,20220401_152742,0.0,5.9,central,b8:3a:5a:ba:69:b1,-82
117,4,20220401_152742,0.0,5.9,central,b8:3a:5a:ba:c3:a1,-83
118,4,20220401_152742,0.0,5.9,Visit-Ed,b8:3a:5a:ba:60:62,-84
119,4,20220401_152742,0.0,5.9,central,b8:3a:5a:ba:69:01,-84
120,4,20220401_152742,0.0,5.9,Visit-Ed,b8:3a:5a:ba:69:02,-84
121,4,20220401_152742,0.0,5.9,Visit-Ed,b8:3a:5a:ba:60:72,-87
122,4,20220401_152742,0.0,5.9,Innspace,00:ad:24:59:bd:42,-88
123,4,20220401_152742,0.0,5.9,eduroam,b8:3a:5a:ba:60:70,-88
124,4,20220401_152742,0.0,5.9,central,b8:3a:5a:ba:60:71,-89
125,5,20220401_152821,0.0,7.92,central,b8:3a:5a:ba:69:a1,-66
126,5,20220401_152821,0.0,7.92,Visit-Ed,b8:3a:5a:ba:69:a2,-66
127,5,20220401_152821,0.0,7.92,eduroam,b8:3a:5a:ba:69:a0,-67
128,5,20220401_152821,0.0,7.92,Innspace,00:ad:24:59:bd:40,-67
129,5,20220401_152821,0.0,7.92,eduroam,b8:3a:5a:bb:ec:e0,-70
130,5,20220401_152821,0.0,7.92,eduroam,b8:3a:5a:bb:ec:f0,-71
131,5,20220401_152821,0.0,7.92,central,b8:3a:5a:bb:ec:f1,-71
132,5,20220401_152821,0.0,7.92,Visit-Ed,b8:3a:5a:bb:ec:f2,-72
133,5,20220401_152821,0.0,7.92,DIRECT-68-HP ENVY 5000 series,f6:39:09:fb:f6:68,-73
134,5,20220401_152821,0.0,7.92,Visit-Ed,b8:3a:5a:bb:ec:e2,-74
135,5,20220401_152821,0.0,7.92,central,b8:3a:5a:bb:ec:e1,-75
136,5,20220401_152821,0.0,7.92,Visit-Ed,b8:3a:5a:bc:1e:e2,-75
137,5,20220401_152821,0.0,7.92,central,b8:3a:5a:ba:c3:a1,-77
138,5,20220401_152821,0.0,7.92,Visit-Ed,b8:3a:5a:ba:c3:a2,-79
139,5,20220401_152821,0.0,7.92,eduroam,b8:3a:5a:ba:69:00,-81
140,5,20220401_152821,0.0,7.92,central,b8:3a:5a:ba:69:b1,-81
141,5,20220401_152821,0.0,7.92,eduroam,b8:3a:5a:ba:69:b0,-81
142,5,20220401_152821,0.0,7.92,Visit-Ed,b8:3a:5a:ba:69:b2,-82
143,5,20220401_152821,0.0,7.92,DIRECT-qVPhaser 3330,9e:93:4e:73:de:22,-83
144,5,20220401_152821,0.0,7.92,central,b8:3a:5a:ba:69:01,-83
145,5,20220401_152821,0.0,7.92,Innspace,00:ad:24:59:bd:42,-83
146,5,20220401_152821,0.0,7.92,Visit-Ed,b8:3a:5a:ba:60:72,-87
147,5,20220401_152821,0.0,7.92,central,b8:3a:5a:ba:60:71,-89
148,6,20220401_152903,0.0,9.86,eduroam,b8:3a:5a:bb:ec:e0,-65
149,6,20220401_152903,0.0,9.86,Visit-Ed,b8:3a:5a:ba:60:62,-67
150,6,20220401_152903,0.0,9.86,DIRECT-68-HP ENVY 5000 series,f6:39:09:fb:f6:68,-71
151,6,20220401_152903,0.0,9.86,central,b8:3a:5a:ba:60:61,-71
152,6,20220401_152903,0.0,9.86,central,b8:3a:5a:bc:1e:e1,-72
153,6,20220401_152903,0.0,9.86,central,b8:3a:5a:ba:69:a1,-73
154,6,20220401_152903,0.0,9.86,Visit-Ed,b8:3a:5a:bc:1e:e2,-73
155,6,20220401_152903,0.0,9.86,eduroam,b8:3a:5a:ba:69:a0,-73
156,6,20220401_152903,0.0,9.86,central,b8:3a:5a:bb:ec:e1,-74
157,6,20220401_152903,0.0,9.86,Visit-Ed,b8:3a:5a:bb:ec:e2,-74
158,6,20220401_152903,0.0,9.86,Visit-Ed,b8:3a:5a:ba:69:a2,-74
159,6,20220401_152903,0.0,9.86,Innspace,00:ad:24:59:bd:40,-74
160,6,20220401_152903,0.0,9.86,central,b8:3a:5a:bb:ec:f1,-74
161,6,20220401_152903,0.0,9.86,eduroam,b8:3a:5a:bb:ec:f0,-75
162,6,20220401_152903,0.0,9.86,Visit-Ed,b8:3a:5a:bb:ec:f2,-75
163,6,20220401_152903,0.0,9.86,eduroam,b8:3a:5a:bc:1e:e0,-76
164,6,20220401_152903,0.0,9.86,central,b8:3a:5a:ba:c3:a1,-76
165,6,20220401_152903,0.0,9.86,Visit-Ed,b8:3a:5a:ba:c3:a2,-77
166,6,20220401_152903,0.0,9.86,DIRECT-qVPhaser 3330,9e:93:4e:73:de:22,-81
167,6,20220401_152903,0.0,9.86,Visit-Ed,b8:3a:5a:ba:69:02,-83
168,6,20220401_152903,0.0,9.86,eduroam,b8:3a:5a:ba:60:70,-84
169,6,20220401_152903,0.0,9.86,central,b8:3a:5a:ba:60:71,-84
170,6,20220401_152903,0.0,9.86,Visit-Ed,b8:3a:5a:ba:60:72,-84
171,6,20220401_152903,0.0,9.86,eduroam,b8:3a:5a:ba:69:b0,-85
172,6,20220401_152903,0.0,9.86,central,b8:3a:5a:ba:69:b1,-85
173,6,20220401_152903,0.0,9.86,Visit-Ed,b8:3a:5a:ba:69:b2,-86
174,6,20220401_152903,0.0,9.86,Innspace,00:ad:24:59:bd:42,-90
175,7,20220401_153024,3.05,9.86,eduroam,b8:3a:5a:bb:ec:e0,-68
176,7,20220401_153024,3.05,9.86,central,b8:3a:5a:ba:69:a1,-72
177,7,20220401_153024,3.05,9.86,Visit-Ed,b8:3a:5a:bb:ec:e2,-73
178,7,20220401_153024,3.05,9.86,eduroam,b8:3a:5a:ba:69:a0,-73
179,7,20220401_153024,3.05,9.86,Innspace,00:ad:24:59:bd:40,-73
180,7,20220401_153024,3.05,9.86,central,b8:3a:5a:bb:ec:e1,-74
181,7,20220401_153024,3.05,9.86,Visit-Ed,b8:3a:5a:ba:69:a2,-74
182,7,20220401_153024,3.05,9.86,eduroam,b8:3a:5a:bc:1e:e0,-76
183,7,20220401_153024,3.05,9.86,eduroam,b8:3a:5a:ba:60:60,-76
184,7,20220401_153024,3.05,9.86,DIRECT-68-HP ENVY 5000 series,f6:39:09:fb:f6:68,-77
185,7,20220401_153024,3.05,9.86,eduroam,b8:3a:5a:bb:ec:f0,-77
186,7,20220401_153024,3.05,9.86,eduroam,b8:3a:5a:ba:69:b0,-78
187,7,20220401_153024,3.05,9.86,central,b8:3a:5a:ba:69:b1,-78
188,7,20220401_153024,3.05,9.86,central,b8:3a:5a:bb:ec:f1,-78
189,7,20220401_153024,3.05,9.86,Visit-Ed,b8:3a:5a:bb:ec:f2,-78
190,7,20220401_153024,3.05,9.86,Visit-Ed,b8:3a:5a:ba:69:b2,-79
191,7,20220401_153024,3.05,9.86,DIRECT-qVPhaser 3330,9e:93:4e:73:de:22,-81
192,7,20220401_153024,3.05,9.86,central,b8:3a:5a:ba:69:01,-82
193,7,20220401_153024,3.05,9.86,Visit-Ed,b8:3a:5a:ba:69:02,-83
194,7,20220401_153024,3.05,9.86,eduroam,b8:3a:5a:ba:69:00,-83
195,7,20220401_153024,3.05,9.86,Visit-Ed,b8:3a:5a:ba:60:72,-87
196,7,20220401_153024,3.05,9.86,central,b8:3a:5a:ba:60:71,-88
197,8,20220401_153112,3.05,11.4,central,b8:3a:5a:bb:ec:e1,-73
198,8,20220401_153112,3.05,11.4,Visit-Ed,b8:3a:5a:bb:ec:e2,-73
199,8,20220401_153112,3.05,11.4,central,b8:3a:5a:ba:69:a1,-73
200,8,20220401_153112,3.05,11.4,Visit-Ed,b8:3a:5a:ba:69:a2,-73
201,8,20220401_153112,3.05,11.4,eduroam,b8:3a:5a:bb:ec:e0,-74
202,8,20220401_153112,3.05,11.4,eduroam,b8:3a:5a:ba:69:a0,-74
203,8,20220401_153112,3.05,11.4,DIRECT-68-HP ENVY 5000 series,f6:39:09:fb:f6:68,-76
204,8,20220401_153112,3.05,11.4,eduroam,b8:3a:5a:bc:1e:e0,-77
205,8,20220401_153112,3.05,11.4,central,b8:3a:5a:bc:1e:e1,-78
206,8,20220401_153112,3.05,11.4,Visit-Ed,b8:3a:5a:bc:1e:e2,-78
207,8,20220401_153112,3.05,11.4,central,b8:3a:5a:ba:60:61,-80
208,8,20220401_153112,3.05,11.4,eduroam,b8:3a:5a:ba:c3:a0,-81
209,8,20220401_153112,3.05,11.4,Visit-Ed,b8:3a:5a:ba:69:02,-83
210,8,20220401_153112,3.05,11.4,DIRECT-qVPhaser 3330,9e:93:4e:73:de:22,-84
211,8,20220401_153112,3.05,11.4,Visit-Ed,b8:3a:5a:ba:8b:62,-85
212,8,20220401_153112,3.05,11.4,Innspace,00:ad:24:59:bd:42,-92
213,9,20220401_153148,3.05,13.35,eduroam,b8:3a:5a:ba:69:a0,-75
214,9,20220401_153148,3.05,13.35,eduroam,b8:3a:5a:bb:ec:e0,-78
215,9,20220401_153148,3.05,13.35,central,b8:3a:5a:bb:ec:e1,-78
216,9,20220401_153148,3.05,13.35,DIRECT-68-HP ENVY 5000 series,f6:39:09:fb:f6:68,-78
217,9,20220401_153148,3.05,13.35,Visit-Ed,b8:3a:5a:bb:ec:e2,-79
218,9,20220401_153148,3.05,13.35,eduroam,b8:3a:5a:bc:1e:e0,-81
219,9,20220401_153148,3.05,13.35,central,b8:3a:5a:bc:1e:e1,-82
220,9,20220401_153148,3.05,13.35,Visit-Ed,b8:3a:5a:bc:1e:e2,-82
221,9,20220401_153148,3.05,13.35,central,b8:3a:5a:ba:69:a1,-83
222,9,20220401_153148,3.05,13.35,Visit-Ed,b8:3a:5a:ba:69:a2,-83
223,9,20220401_153148,3.05,13.35,eduroam,b8:3a:5a:ba:69:b0,-88
224,9,20220401_153148,3.05,13.35,Visit-Ed,b8:3a:5a:ba:69:b2,-88
225,9,20220401_153148,3.05,13.35,Visit-Ed,b8:3a:5a:bc:1e:f2,-88
226,9,20220401_153148,3.05,13.35,central,b8:3a:5a:ba:69:b1,-89
227,9,20220401_153148,3.05,13.35,central,b8:3a:5a:ba:8b:71,-90
228,9,20220401_153148,3.05,13.35,Visit-Ed,b8:3a:5a:ba:8b:72,-90
229,9,20220401_153148,3.05,13.35,eduroam,b8:3a:5a:ba:8b:70,-92
230,10,20220401_153229,3.05,14.73,eduroam,b8:3a:5a:bb:ec:e0,-79
231,10,20220401_153229,3.05,14.73,eduroam,b8:3a:5a:ba:8b:60,-79
232,10,20220401_153229,3.05,14.73,Visit-Ed,b8:3a:5a:bb:ec:e2,-80
233,10,20220401_153229,3.05,14.73,central,b8:3a:5a:ba:8b:61,-81
234,10,20220401_153229,3.05,14.73,central,b8:3a:5a:bb:ec:e1,-82
235,10,20220401_153229,3.05,14.73,DIRECT-68-HP ENVY 5000 series,f6:39:09:fb:f6:68,-83
236,10,20220401_153229,3.05,14.73,central,b8:3a:5a:bc:1e:e1,-85
237,10,20220401_153229,3.05,14.73,central,b8:3a:5a:ba:69:a1,-86
238,10,20220401_153229,3.05,14.73,Visit-Ed,b8:3a:5a:bc:1e:e2,-86
239,11,20220401_153322,3.05,16.3,eduroam,b8:3a:5a:ba:8b:60,-77
240,11,20220401_153322,3.05,16.3,DIRECT-68-HP ENVY 5000 series,f6:39:09:fb:f6:68,-79
241,11,20220401_153322,3.05,16.3,central,b8:3a:5a:ba:8b:61,-80
242,11,20220401_153322,3.05,16.3,central,b8:3a:5a:bb:ec:e1,-81
243,11,20220401_153322,3.05,16.3,central,b8:3a:5a:ba:69:a1,-81
244,11,20220401_153322,3.05,16.3,eduroam,b8:3a:5a:bb:ec:e0,-82
245,11,20220401_153322,3.05,16.3,Visit-Ed,b8:3a:5a:bb:ec:e2,-82
246,11,20220401_153322,3.05,16.3,Visit-Ed,b8:3a:5a:ba:8b:62,-82
247,11,20220401_153322,3.05,16.3,Visit-Ed,b8:3a:5a:ba:69:a2,-83
248,11,20220401_153322,3.05,16.3,Visit-Ed,b8:3a:5a:bc:1e:e2,-87
249,11,20220401_153322,3.05,16.3,central,b8:3a:5a:ba:8b:71,-90
250,11,20220401_153322,3.05,16.3,Visit-Ed,b8:3a:5a:ba:8b:72,-90
251,11,20220401_153322,3.05,16.3,eduroam,b8:3a:5a:ba:8b:70,-90
252,12,20220401_153430,3.05,18.43,DIRECT-68-HP ENVY 5000 series,f6:39:09:fb:f6:68,-76
253,12,20220401_153430,3.05,18.43,Visit-Ed,b8:3a:5a:ba:8b:62,-82
254,13,20220401_153631,4.58,18.43,eduroam,b8:3a:5a:ba:8b:60,-83
255,13,20220401_153631,4.58,18.43,central,b8:3a:5a:ba:8b:61,-84
256,13,20220401_153631,4.58,18.43,Visit-Ed,b8:3a:5a:ba:8b:62,-85
257,14,20220401_153804,6.11,18.43,DIRECT-68-HP ENVY 5000 series,f6:39:09:fb:f6:68,-84
258,14,20220401_153804,6.11,18.43,Visit-Ed,b8:3a:5a:bb:ec:e2,-85
259,14,20220401_153804,6.11,18.43,Visit-Ed,b8:3a:5a:bb:2c:82,-85
260,14,20220401_153804,6.11,18.43,central,b8:3a:5a:bb:2c:81,-86
261,14,20220401_153804,6.11,18.43,central,b8:3a:5a:ba:86:21,-87
262,15,20220401_153831,7.64,18.43,eduroam,b8:3a:5a:bb:2c:80,-81
263,15,20220401_153831,7.64,18.43,DIRECT-68-HP ENVY 5000 series,f6:39:09:fb:f6:68,-84
264,15,20220401_153831,7.64,18.43,central,b8:3a:5a:bb:ec:e1,-84
265,15,20220401_153831,7.64,18.43,eduroam,b8:3a:5a:ba:86:30,-84
266,15,20220401_153831,7.64,18.43,Visit-Ed,b8:3a:5a:ba:86:32,-84
267,15,20220401_153831,7.64,18.43,Visit-Ed,b8:3a:5a:ba:86:22,-85
268,15,20220401_153831,7.64,18.43,central,b8:3a:5a:ba:86:21,-85
269,15,20220401_153831,7.64,18.43,Visit-Ed,b8:3a:5a:ba:8b:62,-85
270,15,20220401_153831,7.64,18.43,central,b8:3a:5a:ba:86:31,-85
271,15,20220401_153831,7.64,18.43,central,b8:3a:5a:ba:8b:61,-86
272,15,20220401_153831,7.64,18.43,Visit-Ed,b8:3a:5a:bb:dd:e2,-86
273,16,20220401_153953,9.92,18.43,eduroam,b8:3a:5a:bb:2c:80,-76
274,16,20220401_153953,9.92,18.43,central,b8:3a:5a:bb:2c:81,-79
275,16,20220401_153953,9.92,18.43,Visit-Ed,b8:3a:5a:bb:2c:82,-80
276,16,20220401_153953,9.92,18.43,DIRECT-68-HP ENVY 5000 series,f6:39:09:fb:f6:68,-84
277,17,20220401_154033,12.2,18.43,eduroam,b8:3a:5a:bb:5d:c0,-82
278,17,20220401_154033,12.2,18.43,Visit-Ed,b8:3a:5a:bb:ae:a2,-83
279,17,20220401_154033,12.2,18.43,central,b8:3a:5a:bb:5d:c1,-83
280,17,20220401_154033,12.2,18.43,eduroam,b8:3a:5a:bb:ae:a0,-83
281,17,20220401_154033,12.2,18.43,central,b8:3a:5a:bb:ae:a1,-83
282,17,20220401_154033,12.2,18.43,Visit-Ed,b8:3a:5a:bb:5d:c2,-84
283,18,20220401_154058,14.48,18.43,eduroam,b8:3a:5a:bb:5d:c0,-80
284,18,20220401_154058,14.48,18.43,Visit-Ed,b8:3a:5a:bb:ae:a2,-84
285,18,20220401_154058,14.48,18.43,eduroam,b8:3a:5a:bb:5d:d0,-85
286,18,20220401_154058,14.48,18.43,Visit-Ed,b8:3a:5a:bb:5d:c2,-85
287,18,20220401_154058,14.48,18.43,central,b8:3a:5a:bb:5d:d1,-86
288,18,20220401_154058,14.48,18.43,Visit-Ed,b8:3a:5a:bb:5d:d2,-86
289,18,20220401_154058,14.48,18.43,central,b8:3a:5a:bb:ae:a1,-87
290,19,20220401_154133,16.76,18.43,eduroam,b8:3a:5a:bb:5d:c0,-69
291,19,20220401_154133,16.76,18.43,eduroam,b8:3a:5a:bb:ae:a0,-72
292,19,20220401_154133,16.76,18.43,Visit-Ed,b8:3a:5a:bb:5d:d2,-73
293,19,20220401_154133,16.76,18.43,eduroam,b8:3a:5a:bb:5d:d0,-74
294,19,20220401_154133,16.76,18.43,central,b8:3a:5a:bb:5d:d1,-74
295,19,20220401_154133,16.76,18.43,central,b8:3a:5a:bb:ae:b1,-75
296,19,20220401_154133,16.76,18.43,central,b8:3a:5a:bb:ae:a1,-76
297,19,20220401_154133,16.76,18.43,eduroam,b8:3a:5a:bb:ae:b0,-76
298,19,20220401_154133,16.76,18.43,Visit-Ed,b8:3a:5a:bb:ae:b2,-76
299,19,20220401_154133,16.76,18.43,Visit-Ed,b8:3a:5a:bb:ae:a2,-77
300,19,20220401_154133,16.76,18.43,central,b8:3a:5a:bb:5d:c1,-79
301,19,20220401_154133,16.76,18.43,Visit-Ed,b8:3a:5a:bb:5d:c2,-80
302,19,20220401_154133,16.76,18.43,central,b8:3a:5a:bb:51:81,-84
303,19,20220401_154133,16.76,18.43,Visit-Ed,b8:3a:5a:bb:51:82,-85
304,20,20220401_154202,19.04,18.43,Visit-Ed,b8:3a:5a:bb:dd:e2,-70
305,20,20220401_154202,19.04,18.43,central,b8:3a:5a:bb:5d:c1,-74
306,20,20220401_154202,19.04,18.43,Visit-Ed,b8:3a:5a:bb:5d:c2,-75
307,20,20220401_154202,19.04,18.43,eduroam,b8:3a:5a:bb:ae:a0,-75
308,20,20220401_154202,19.04,18.43,central,b8:3a:5a:bb:ae:a1,-75
309,20,20220401_154202,19.04,18.43,Visit-Ed,b8:3a:5a:bb:51:82,-86
310,20,20220401_154202,19.04,18.43,central,b8:3a:5a:bb:51:81,-88
311,20,20220401_154202,19.04,18.43,central,b8:3a:5a:bb:dd:f1,-89
312,20,20220401_154202,19.04,18.43,eduroam,b8:3a:5a:bb:dd:f0,-89
313,21,20220401_154234,21.32,18.43,Visit-Ed,b8:3a:5a:bb:dd:e2,-71
314,21,20220401_154234,21.32,18.43,central,b8:3a:5a:bb:dd:e1,-71
315,21,20220401_154234,21.32,18.43,central,b8:3a:5a:bb:ae:a1,-72
316,21,20220401_154234,21.32,18.43,eduroam,b8:3a:5a:bb:dd:e0,-72
317,21,20220401_154234,21.32,18.43,central,b8:3a:5a:bb:5d:c1,-74
318,21,20220401_154234,21.32,18.43,eduroam,b8:3a:5a:bb:5d:c0,-75
319,21,20220401_154234,21.32,18.43,Visit-Ed,b8:3a:5a:bb:5d:c2,-75
320,21,20220401_154234,21.32,18.43,Visit-Ed,b8:3a:5a:bb:ae:a2,-78
321,21,20220401_154234,21.32,18.43,Visit-Ed,b8:3a:5a:bb:51:82,-82
322,21,20220401_154234,21.32,18.43,eduroam,b8:3a:5a:bb:51:80,-82
323,21,20220401_154234,21.32,18.43,central,b8:3a:5a:bb:51:81,-83
324,21,20220401_154234,21.32,18.43,eduroam,b8:3a:5a:bb:dd:f0,-87
325,21,20220401_154234,21.32,18.43,Visit-Ed,b8:3a:5a:bb:dd:f2,-88
326,21,20220401_154234,21.32,18.43,central,b8:3a:5a:bb:dd:f1,-88
327,22,20220401_154301,23.6,18.43,eduroam,b8:3a:5a:bb:dd:e0,-71
328,22,20220401_154301,23.6,18.43,Visit-Ed,b8:3a:5a:bb:dd:e2,-73
329,22,20220401_154301,23.6,18.43,central,b8:3a:5a:bb:dd:e1,-73
330,22,20220401_154301,23.6,18.43,eduroam,b8:3a:5a:bb:5d:c0,-74
331,22,20220401_154301,23.6,18.43,eduroam,b8:3a:5a:bb:51:80,-76
332,22,20220401_154301,23.6,18.43,central,b8:3a:5a:bb:51:81,-77
333,22,20220401_154301,23.6,18.43,Visit-Ed,b8:3a:5a:bb:51:82,-77
334,22,20220401_154301,23.6,18.43,eduroam,b8:3a:5a:bb:ae:a0,-78
335,22,20220401_154301,23.6,18.43,central,b8:3a:5a:bb:5d:c1,-80
336,22,20220401_154301,23.6,18.43,Visit-Ed,b8:3a:5a:bb:5d:c2,-80
337,22,20220401_154301,23.6,18.43,Visit-Ed,b8:3a:5a:bb:dd:f2,-80
338,22,20220401_154301,23.6,18.43,central,b8:3a:5a:bb:dd:f1,-81
339,22,20220401_154301,23.6,18.43,eduroam,b8:3a:5a:bb:dd:f0,-81
340,22,20220401_154301,23.6,18.43,Visit-Ed,b8:3a:5a:bb:ae:a2,-86
341,22,20220401_154301,23.6,18.43,central,b8:3a:5a:bb:ae:a1,-86
342,22,20220401_154301,23.6,18.43,central,b8:3a:5a:bb:51:91,-89
343,22,20220401_154301,23.6,18.43,Visit-Ed,b8:3a:5a:bb:51:92,-89
344,23,20220401_154327,25.88,18.43,eduroam,b8:3a:5a:bb:dd:e0,-71
345,23,20220401_154327,25.88,18.43,Visit-Ed,b8:3a:5a:bb:dd:e2,-73
346,23,20220401_154327,25.88,18.43,central,b8:3a:5a:bb:dd:e1,-73
347,23,20220401_154327,25.88,18.43,eduroam,b8:3a:5a:bb:5d:c0,-74
348,23,20220401_154327,25.88,18.43,eduroam,b8:3a:5a:bb:51:80,-76
349,23,20220401_154327,25.88,18.43,central,b8:3a:5a:bb:51:81,-77
350,23,20220401_154327,25.88,18.43,Visit-Ed,b8:3a:5a:bb:51:82,-77
351,23,20220401_154327,25.88,18.43,eduroam,b8:3a:5a:bb:ae:a0,-78
352,23,20220401_154327,25.88,18.43,central,b8:3a:5a:bb:5d:c1,-80
353,23,20220401_154327,25.88,18.43,Visit-Ed,b8:3a:5a:bb:5d:c2,-80
354,23,20220401_154327,25.88,18.43,Visit-Ed,b8:3a:5a:bb:dd:f2,-80
355,23,20220401_154327,25.88,18.43,central,b8:3a:5a:bb:dd:f1,-81
356,23,20220401_154327,25.88,18.43,eduroam,b8:3a:5a:bb:dd:f0,-81
357,23,20220401_154327,25.88,18.43,Visit-Ed,b8:3a:5a:bb:ae:a2,-86
358,23,20220401_154327,25.88,18.43,central,b8:3a:5a:bb:ae:a1,-86
359,23,20220401_154327,25.88,18.43,central,b8:3a:5a:bb:51:91,-89
360,23,20220401_154327,25.88,18.43,Visit-Ed,b8:3a:5a:bb:51:92,-89
361,24,20220401_154355,28.16,18.43,central,b8:3a:5a:bb:dd:e1,-74
362,24,20220401_154355,28.16,18.43,Visit-Ed,b8:3a:5a:bb:dd:e2,-75
363,24,20220401_154355,28.16,18.43,eduroam,b8:3a:5a:bb:dd:e0,-75
364,24,20220401_154355,28.16,18.43,Visit-Ed,b8:3a:5a:bb:51:82,-79
365,24,20220401_154355,28.16,18.43,eduroam,b8:3a:5a:bb:5d:c0,-80
366,24,20220401_154355,28.16,18.43,eduroam,b8:3a:5a:bb:51:80,-81
367,24,20220401_154355,28.16,18.43,eduroam,b8:3a:5a:bb:5d:d0,-82
368,24,20220401_154355,28.16,18.43,central,b8:3a:5a:bb:5d:d1,-82
369,24,20220401_154355,28.16,18.43,Visit-Ed,b8:3a:5a:bb:5d:d2,-82
370,24,20220401_154355,28.16,18.43,central,c4:0a:cb:25:13:c0,-85
371,24,20220401_154355,28.16,18.43,central,b8:3a:5a:bb:ae:b1,-86
372,24,20220401_154355,28.16,18.43,Visit-Ed,b8:3a:5a:bb:ae:b2,-86
373,24,20220401_154355,28.16,18.43,Visit-Ed,b8:3a:5a:bb:ae:a2,-87
374,24,20220401_154355,28.16,18.43,Visit-Ed,b8:3a:5a:bb:dd:f2,-87
375,24,20220401_154355,28.16,18.43,eduroam,b8:3a:5a:bb:dd:f0,-87
376,24,20220401_154355,28.16,18.43,eduroam,b8:3a:5a:bb:ae:b0,-87
377,24,20220401_154355,28.16,18.43,central,b8:3a:5a:bb:dd:f1,-88
378,25,20220401_154426,30.44,18.43,eduroam,b8:3a:5a:bb:dd:e0,-78
379,25,20220401_154426,30.44,18.43,central,b8:3a:5a:bb:dd:e1,-78
380,25,20220401_154426,30.44,18.43,Visit-Ed,b8:3a:5a:bb:dd:e2,-79
381,25,20220401_154426,30.44,18.43,eduroam,b8:be:bf:ef:1b:e1,-83
382,25,20220401_154426,30.44,18.43,central,b8:be:bf:ef:1b:e0,-83
383,25,20220401_154426,30.44,18.43,central,b8:3a:5a:bb:51:81,-86
384,25,20220401_154426,30.44,18.43,Visit-Ed,b8:3a:5a:bb:ae:a2,-87
385,25,20220401_154426,30.44,18.43,Visit-Ed,b8:3a:5a:bb:dd:f2,-87
386,25,20220401_154426,30.44,18.43,central,b8:3a:5a:bb:dd:f1,-87
387,25,20220401_154426,30.44,18.43,eduroam,b8:3a:5a:bb:dd:f0,-87
388,25,20220401_154426,30.44,18.43,Visit-Ed,b8:3a:5a:bb:51:82,-88
389,26,20220401_154555,30.44,19.11,eduroam,b8:3a:5a:bb:dd:e0,-79
390,26,20220401_154555,30.44,19.11,central,b8:3a:5a:bb:dd:e1,-81
391,26,20220401_154555,30.44,19.11,Visit-Ed,b8:3a:5a:bb:dd:e2,-82
392,26,20220401_154555,30.44,19.11,eduroam,b8:3a:5a:bb:5d:c0,-84
393,26,20220401_154555,30.44,19.11,Visit-Ed,b8:3a:5a:bb:51:82,-85
394,26,20220401_154555,30.44,19.11,central,b8:3a:5a:bb:51:81,-87
395,26,20220401_154555,30.44,19.11,Visit-Ed,b8:3a:5a:bb:dd:f2,-88
396,26,20220401_154555,30.44,19.11,eduroam,b8:3a:5a:bb:dd:f0,-88
397,26,20220401_154555,30.44,19.11,central,b8:3a:5a:bb:5d:c1,-88
398,26,20220401_154555,30.44,19.11,central,b8:3a:5a:bb:dd:f1,-89
399,27,20220401_154739,32.29,19.11,eduroam,b8:3a:5a:bb:dd:e0,-74
400,27,20220401_154739,32.29,19.11,central,b8:3a:5a:bb:dd:e1,-76
401,27,20220401_154739,32.29,19.11,Visit-Ed,b8:3a:5a:bb:dd:e2,-78
402,27,20220401_154739,32.29,19.11,central,54:78:1a:73:a2:60,-80
403,27,20220401_154739,32.29,19.11,central,c4:0a:cb:25:13:c0,-81
404,27,20220401_154739,32.29,19.11,central,34:db:fd:97:fd:40,-83
405,27,20220401_154739,32.29,19.11,eduroam,58:97:1e:15:11:61,-83
406,27,20220401_154739,32.29,19.11,central,58:97:1e:15:11:60,-83
407,27,20220401_154739,32.29,19.11,central,24:01:c7:f7:7f:10,-84
408,27,20220401_154739,32.29,19.11,Visit-Ed,b8:3a:5a:bb:dd:f2,-86
409,27,20220401_154739,32.29,19.11,Visit-Ed,b8:3a:5a:bb:51:82,-87
410,27,20220401_154739,32.29,19.11,central,b8:3a:5a:bb:dd:f1,-89
411,27,20220401_154739,32.29,19.11,eduroam,b8:3a:5a:bb:dd:f0,-89
412,28,20220401_154849,34.58,19.11,eduroam,b8:3a:5a:bb:dd:e0,-73
413,28,20220401_154849,34.58,19.11,central,54:78:1a:73:a2:60,-76
414,28,20220401_154849,34.58,19.11,Visit-Ed,b8:3a:5a:bb:dd:e2,-77
415,28,20220401_154849,34.58,19.11,central,b8:be:bf:ef:1b:e0,-78
416,28,20220401_154849,34.58,19.11,eduroam,b8:be:bf:ef:1b:e1,-78
417,28,20220401_154849,34.58,19.11,HANABI,58:97:1e:14:16:12,-81
418,28,20220401_154849,34.58,19.11,eduroam,b8:3a:5a:bb:5d:c0,-82
419,28,20220401_154849,34.58,19.11,central,b8:3a:5a:bb:5d:c1,-83
420,28,20220401_154849,34.58,19.11,Visit-Ed,b8:3a:5a:bb:5d:c2,-83
421,28,20220401_154849,34.58,19.11,BT-5JATZ8,30:b1:b5:16:82:39,-85
422,28,20220401_154849,34.58,19.11,central,b8:3a:5a:bb:ae:b1,-90
423,28,20220401_154849,34.58,19.11,central,54:78:1a:73:a2:6f,-91
424,28,20220401_154849,34.58,19.11,central,c4:0a:cb:25:13:cf,-92
425,29,20220401_154922,36.87,19.11,central,58:97:1e:14:16:10,-73
426,29,20220401_154922,36.87,19.11,eduroam,58:97:1e:14:16:11,-74
427,29,20220401_154922,36.87,19.11,central,b8:be:bf:ef:1b:e0,-77
428,29,20220401_154922,36.87,19.11,eduroam,b8:be:bf:ef:1b:e1,-77
429,29,20220401_154922,36.87,19.11,Visit-Ed,b8:3a:5a:bb:dd:e2,-78
430,29,20220401_154922,36.87,19.11,central,b8:3a:5a:bb:dd:e1,-79
431,29,20220401_154922,36.87,19.11,eduroam,24:01:c7:f7:7f:11,-81
432,29,20220401_154922,36.87,19.11,eduroam,34:db:fd:97:fd:41,-81
433,29,20220401_154922,36.87,19.11,Visit-Ed,b8:3a:5a:bb:51:82,-83
434,29,20220401_154922,36.87,19.11,Visit-Ed,b8:3a:5a:bb:6c:82,-86
435,29,20220401_154922,36.87,19.11,central,54:78:1a:73:a2:6f,-88
436,29,20220401_154922,36.87,19.11,eduroam,54:78:1a:73:a2:6e,-88
437,30,20220401_154950,39.16,19.11,central,b8:be:bf:ef:1b:e0,-72
438,30,20220401_154950,39.16,19.11,eduroam,b8:be:bf:ef:1b:e1,-74
439,30,20220401_154950,39.16,19.11,eduroam,58:97:1e:14:16:11,-77
440,30,20220401_154950,39.16,19.11,central,24:01:c7:f7:7f:10,-78
441,30,20220401_154950,39.16,19.11,central,54:78:1a:73:a2:60,-79
442,30,20220401_154950,39.16,19.11,central,b8:3a:5a:bb:51:81,-81
443,30,20220401_154950,39.16,19.11,eduroam,b8:3a:5a:bb:51:80,-81
444,30,20220401_154950,39.16,19.11,Visit-Ed,b8:3a:5a:bb:51:82,-83
445,30,20220401_154950,39.16,19.11,central,bc:9f:e4:e8:10:c2,-84
446,30,20220401_154950,39.16,19.11,eduroam,54:78:1a:73:a2:6e,-87
447,30,20220401_154950,39.16,19.11,eduroam,bc:9f:e4:e8:10:d0,-87
448,30,20220401_154950,39.16,19.11,Visit-Ed,bc:9f:e4:e8:10:d1,-87
449,30,20220401_154950,39.16,19.11,central,bc:9f:e4:e8:10:d2,-87
450,30,20220401_154950,39.16,19.11,central,b8:be:bf:ef:1b:ef,-89
451,30,20220401_154950,39.16,19.11,central,54:78:1a:73:a2:6f,-89
452,30,20220401_154950,39.16,19.11,eduroam,b8:be:bf:ef:1b:ee,-91
453,31,20220401_155011,41.45,19.11,eduroam,b8:be:bf:ef:1b:e1,-74
454,31,20220401_155011,41.45,19.11,central,bc:9f:e4:e8:10:c2,-80
455,31,20220401_155011,41.45,19.11,eduroam,bc:9f:e4:e8:10:c0,-81
456,31,20220401_155011,41.45,19.11,Visit-Ed,bc:9f:e4:e8:10:c1,-82
457,31,20220401_155011,41.45,19.11,eduroam,24:01:c7:f7:7f:1e,-89
458,31,20220401_155011,41.45,19.11,eduroam,b8:3a:5a:bb:6c:90,-89
459,31,20220401_155011,41.45,19.11,eduroam,34:db:fd:97:fd:4e,-89
460,31,20220401_155011,41.45,19.11,central,24:01:c7:f7:7f:1f,-89
461,31,20220401_155011,41.45,19.11,central,b8:3a:5a:bb:6c:91,-89
462,31,20220401_155011,41.45,19.11,eduroam,b8:be:bf:ef:1b:ee,-90
463,31,20220401_155011,41.45,19.11,Visit-Ed,b8:3a:5a:bb:6c:92,-90
464,31,20220401_155011,41.45,19.11,central,b8:be:bf:ef:1b:ef,-91
465,32,20220401_155036,43.74,19.11,eduroam,b8:be:bf:ef:1b:e1,-74
466,32,20220401_155036,43.74,19.11,central,bc:9f:e4:e8:10:c2,-80
467,32,20220401_155036,43.74,19.11,eduroam,bc:9f:e4:e8:10:c0,-81
468,32,20220401_155037,43.74,19.11,Visit-Ed,bc:9f:e4:e8:10:c1,-82
469,32,20220401_155037,43.74,19.11,eduroam,24:01:c7:f7:7f:1e,-89
470,32,20220401_155037,43.74,19.11,eduroam,b8:3a:5a:bb:6c:90,-89
471,32,20220401_155037,43.74,19.11,eduroam,34:db:fd:97:fd:4e,-89
472,32,20220401_155037,43.74,19.11,central,24:01:c7:f7:7f:1f,-89
473,32,20220401_155037,43.74,19.11,central,b8:3a:5a:bb:6c:91,-89
474,32,20220401_155037,43.74,19.11,eduroam,b8:be:bf:ef:1b:ee,-90
475,32,20220401_155037,43.74,19.11,Visit-Ed,b8:3a:5a:bb:6c:92,-90
476,32,20220401_155037,43.74,19.11,central,b8:be:bf:ef:1b:ef,-91
477,33,20220401_155106,46.03,19.11,eduroam,b8:be:bf:ef:1b:e1,-75
478,33,20220401_155106,46.03,19.11,central,c4:0a:cb:25:13:c0,-78
479,33,20220401_155106,46.03,19.11,central,58:97:1e:15:09:f0,-82
480,33,20220401_155106,46.03,19.11,central,34:db:fd:97:fd:4f,-87
481,33,20220401_155106,46.03,19.11,central,b8:be:bf:ef:1b:ef,-88
482,33,20220401_155106,46.03,19.11,eduroam,b8:be:bf:ef:1b:ee,-88
483,33,20220401_155106,46.03,19.11,eduroam,34:db:fd:97:fd:4e,-88
484,33,20220401_155106,46.03,19.11,central,b8:3a:5a:bb:6c:91,-89
485,33,20220401_155106,46.03,19.11,Visit-Ed,b8:3a:5a:bb:6c:92,-91
486,33,20220401_155106,46.03,19.11,central,54:78:1a:73:a2:6f,-91
487,33,20220401_155106,46.03,19.11,central,c4:0a:cb:25:13:cf,-91
488,33,20220401_155106,46.03,19.11,eduroam,c4:0a:cb:25:13:ce,-91
489,33,20220401_155106,46.03,19.11,eduroam,54:78:1a:73:a2:6e,-92
490,34,20220401_155128,48.32,19.11,eduroam,b8:be:bf:ef:1b:e1,-68
491,34,20220401_155128,48.32,19.11,eduroam,58:97:1e:14:16:11,-76
492,34,20220401_155128,48.32,19.11,central,58:97:1e:14:16:10,-76
493,34,20220401_155128,48.32,19.11,HANABI,58:97:1e:14:16:12,-77
494,34,20220401_155128,48.32,19.11,central,54:78:1a:73:a2:60,-78
495,34,20220401_155128,48.32,19.11,eduroam,54:78:1a:73:a2:61,-79
496,34,20220401_155128,48.32,19.11,central,b8:3a:5a:bb:6c:81,-82
497,34,20220401_155128,48.32,19.11,Visit-Ed,b8:3a:5a:bb:6c:82,-83
498,34,20220401_155128,48.32,19.11,Visit-Ed,b8:3a:5a:bb:08:e2,-84
499,34,20220401_155128,48.32,19.11,eduroam,24:01:c7:f7:7f:11,-85
500,34,20220401_155128,48.32,19.11,central,58:97:1e:15:09:f0,-86
501,34,20220401_155128,48.32,19.11,central,34:db:fd:97:fd:4f,-86
502,34,20220401_155128,48.32,19.11,Visit-Ed,b8:3a:5a:ba:96:42,-86
503,34,20220401_155128,48.32,19.11,eduroam,34:db:fd:97:fd:4e,-87
504,34,20220401_155128,48.32,19.11,Visit-Ed,b8:3a:5a:bb:6c:92,-88
505,34,20220401_155128,48.32,19.11,central,54:78:1a:73:a2:6f,-88
506,34,20220401_155128,48.32,19.11,central,b8:be:bf:ef:1b:ef,-89
507,34,20220401_155128,48.32,19.11,eduroam,b8:be:bf:ef:1b:ee,-89
508,34,20220401_155128,48.32,19.11,central,b8:3a:5a:bb:6c:91,-90
509,34,20220401_155128,48.32,19.11,eduroam,54:78:1a:73:a2:6e,-90
510,34,20220401_155128,48.32,19.11,eduroam,b8:3a:5a:bb:6c:90,-90
511,35,20220401_155148,50.61,19.11,eduroam,b8:be:bf:ef:1b:e1,-68
512,35,20220401_155148,50.61,19.11,eduroam,58:97:1e:14:16:11,-76
513,35,20220401_155148,50.61,19.11,central,58:97:1e:14:16:10,-76
514,35,20220401_155148,50.61,19.11,HANABI,58:97:1e:14:16:12,-77
515,35,20220401_155148,50.61,19.11,central,54:78:1a:73:a2:60,-78
516,35,20220401_155148,50.61,19.11,eduroam,54:78:1a:73:a2:61,-79
517,35,20220401_155148,50.61,19.11,central,b8:3a:5a:bb:6c:81,-82
518,35,20220401_155148,50.61,19.11,Visit-Ed,b8:3a:5a:bb:6c:82,-83
519,35,20220401_155148,50.61,19.11,Visit-Ed,b8:3a:5a:bb:08:e2,-84
520,35,20220401_155148,50.61,19.11,eduroam,24:01:c7:f7:7f:11,-85
521,35,20220401_155148,50.61,19.11,central,58:97:1e:15:09:f0,-86
522,35,20220401_155148,50.61,19.11,central,34:db:fd:97:fd:4f,-86
523,35,20220401_155148,50.61,19.11,Visit-Ed,b8:3a:5a:ba:96:42,-86
524,35,20220401_155148,50.61,19.11,eduroam,34:db:fd:97:fd:4e,-87
525,35,20220401_155148,50.61,19.11,Visit-Ed,b8:3a:5a:bb:6c:92,-88
526,35,20220401_155148,50.61,19.11,central,54:78:1a:73:a2:6f,-88
527,35,20220401_155148,50.61,19.11,central,b8:be:bf:ef:1b:ef,-89
528,35,20220401_155148,50.61,19.11,eduroam,b8:be:bf:ef:1b:ee,-89
529,35,20220401_155148,50.61,19.11,central,b8:3a:5a:bb:6c:91,-90
530,35,20220401_155148,50.61,19.11,eduroam,54:78:1a:73:a2:6e,-90
531,35,20220401_155148,50.61,19.11,eduroam,b8:3a:5a:bb:6c:90,-90
532,36,20220401_155215,52.9,19.11,eduroam,b8:be:bf:ef:1b:e1,-62
533,36,20220401_155215,52.9,19.11,central,b8:be:bf:ef:1b:e0,-63
534,36,20220401_155215,52.9,19.11,central,58:97:1e:14:16:10,-67
535,36,20220401_155215,52.9,19.11,HANABI,58:97:1e:14:16:12,-68
536,36,20220401_155215,52.9,19.11,eduroam,58:97:1e:14:16:11,-68
537,36,20220401_155215,52.9,19.11,eduroam,34:db:fd:97:fd:41,-75
538,36,20220401_155215,52.9,19.11,central,c4:0a:cb:25:13:c0,-76
539,36,20220401_155215,52.9,19.11,eduroam,34:db:fd:97:fd:4e,-81
540,36,20220401_155215,52.9,19.11,central,b8:be:bf:ef:1b:ef,-83
541,36,20220401_155215,52.9,19.11,central,34:db:fd:97:fd:4f,-83
542,36,20220401_155215,52.9,19.11,eduroam,b8:be:bf:ef:1b:ee,-85
543,36,20220401_155215,52.9,19.11,eduroam,54:78:1a:73:a2:6e,-86
544,36,20220401_155215,52.9,19.11,BTWholeHome-RMG,ec:6c:9a:25:7e:fd,-86
545,36,20220401_155215,52.9,19.11,central,54:78:1a:73:a2:6f,-88
546,37,20220401_155240,55.19,19.11,eduroam,b8:be:bf:ef:1b:e1,-66
547,37,20220401_155240,55.19,19.11,eduroam,34:db:fd:97:fd:41,-68
548,37,20220401_155240,55.19,19.11,central,34:db:fd:97:fd:40,-69
549,37,20220401_155240,55.19,19.11,HANABI,58:97:1e:14:16:12,-70
550,37,20220401_155240,55.19,19.11,eduroam,58:97:1e:14:16:11,-70
551,37,20220401_155240,55.19,19.11,central,58:97:1e:14:16:10,-70
552,37,20220401_155240,55.19,19.11,eduroam,c4:0a:cb:25:13:c1,-76
553,37,20220401_155240,55.19,19.11,eduroam,b8:be:bf:ef:1b:ee,-77
554,37,20220401_155240,55.19,19.11,central,b8:be:bf:ef:1b:ef,-78
555,37,20220401_155240,55.19,19.11,central,58:97:1e:15:09:f0,-78
556,37,20220401_155240,55.19,19.11,central,34:db:fd:97:fd:4f,-79
557,37,20220401_155240,55.19,19.11,eduroam,34:db:fd:97:fd:4e,-79
558,37,20220401_155240,55.19,19.11,eduroam,b8:be:bf:ef:4e:a1,-82
559,37,20220401_155240,55.19,19.11,Visit-Ed,b8:3a:5a:bb:dd:e2,-86
560,37,20220401_155240,55.19,19.11,eduroam,54:78:1a:73:a2:6e,-89
561,37,20220401_155240,55.19,19.11,HANABI,58:97:1e:14:16:1d,-89
562,37,20220401_155240,55.19,19.11,central,58:97:1e:14:16:1f,-89
563,37,20220401_155240,55.19,19.11,eduroam,58:97:1e:14:16:1e,-89
564,38,20220401_155304,57.48,19.11,eduroam,b8:be:bf:ef:1b:e1,-66
565,38,20220401_155304,57.48,19.11,eduroam,34:db:fd:97:fd:41,-68
566,38,20220401_155304,57.48,19.11,central,34:db:fd:97:fd:40,-69
567,38,20220401_155304,57.48,19.11,HANABI,58:97:1e:14:16:12,-70
568,38,20220401_155304,57.48,19.11,eduroam,58:97:1e:14:16:11,-70
569,38,20220401_155304,57.48,19.11,central,58:97:1e:14:16:10,-70
570,38,20220401_155304,57.48,19.11,eduroam,c4:0a:cb:25:13:c1,-76
571,38,20220401_155304,57.48,19.11,eduroam,b8:be:bf:ef:1b:ee,-77
572,38,20220401_155304,57.48,19.11,central,b8:be:bf:ef:1b:ef,-78
573,38,20220401_155304,57.48,19.11,central,58:97:1e:15:09:f0,-78
574,38,20220401_155304,57.48,19.11,central,34:db:fd:97:fd:4f,-79
575,38,20220401_155304,57.48,19.11,eduroam,34:db:fd:97:fd:4e,-79
576,38,20220401_155304,57.48,19.11,eduroam,b8:be:bf:ef:4e:a1,-82
577,38,20220401_155304,57.48,19.11,Visit-Ed,b8:3a:5a:bb:dd:e2,-86
578,38,20220401_155304,57.48,19.11,eduroam,54:78:1a:73:a2:6e,-89
579,38,20220401_155304,57.48,19.11,HANABI,58:97:1e:14:16:1d,-89
580,38,20220401_155304,57.48,19.11,central,58:97:1e:14:16:1f,-89
581,38,20220401_155304,57.48,19.11,eduroam,58:97:1e:14:16:1e,-89
582,39,20220401_155420,60.68,19.11,central,b8:be:bf:ef:1b:e0,-48
583,39,20220401_155420,60.68,19.11,eduroam,b8:be:bf:ef:1b:e1,-48
584,39,20220401_155420,60.68,19.11,eduroam,34:db:fd:97:fd:41,-54
585,39,20220401_155420,60.68,19.11,central,34:db:fd:97:fd:40,-55
586,39,20220401_155420,60.68,19.11,central,58:97:1e:14:16:10,-61
587,39,20220401_155420,60.68,19.11,HANABI,58:97:1e:14:16:12,-62
588,39,20220401_155420,60.68,19.11,eduroam,58:97:1e:14:16:11,-62
589,39,20220401_155420,60.68,19.11,central,b8:be:bf:ef:1b:ef,-63
590,39,20220401_155420,60.68,19.11,eduroam,b8:be:bf:ef:1b:ee,-65
591,39,20220401_155420,60.68,19.11,central,c4:0a:cb:25:13:c0,-68
592,39,20220401_155420,60.68,19.11,eduroam,c4:0a:cb:25:13:c1,-69
593,39,20220401_155420,60.68,19.11,central,58:97:1e:15:09:f0,-70
594,39,20220401_155420,60.68,19.11,eduroam,58:97:1e:15:09:f1,-70
595,39,20220401_155420,60.68,19.11,central,34:db:fd:97:fd:4f,-74
596,39,20220401_155420,60.68,19.11,eduroam,34:db:fd:97:fd:4e,-74
597,39,20220401_155420,60.68,19.11,eduroam,f8:4f:57:f1:c3:51,-77
598,39,20220401_155420,60.68,19.11,central,f8:4f:57:f1:c3:50,-78
599,39,20220401_155420,60.68,19.11,central,5c:83:8f:dd:6b:20,-78
600,39,20220401_155420,60.68,19.11,HANABI,58:97:1e:14:16:1d,-79
601,39,20220401_155420,60.68,19.11,central,58:97:1e:14:16:1f,-79
602,39,20220401_155420,60.68,19.11,eduroam,58:97:1e:14:16:1e,-79
603,39,20220401_155420,60.68,19.11,eduroam,5c:83:8f:dd:6b:21,-79
604,39,20220401_155420,60.68,19.11,eduroam,c4:0a:cb:2c:d2:91,-79
605,39,20220401_155420,60.68,19.11,central,b8:3a:5a:ba:eb:21,-81
606,39,20220401_155420,60.68,19.11,central,5c:83:8f:dd:6b:2f,-88
607,39,20220401_155420,60.68,19.11,eduroam,5c:83:8f:dd:6b:2e,-88
608,39,20220401_155420,60.68,19.11,central,5c:83:8f:d8:76:2f,-91
609,39,20220401_155420,60.68,19.11,eduroam,c4:0a:cb:25:13:ce,-91
610,39,20220401_155420,60.68,19.11,eduroam,5c:83:8f:d8:76:2e,-93
611,40,20220401_155551,64.93,19.11,HANABI,58:97:1e:14:16:12,-53
612,40,20220401_155551,64.93,19.11,eduroam,58:97:1e:14:16:11,-53
613,40,20220401_155551,64.93,19.11,central,58:97:1e:14:16:10,-53
614,40,20220401_155551,64.93,19.11,central,b8:be:bf:ef:1b:e0,-58
615,40,20220401_155551,64.93,19.11,eduroam,b8:be:bf:ef:1b:e1,-58
616,40,20220401_155551,64.93,19.11,central,34:db:fd:97:fd:40,-61
617,40,20220401_155551,64.93,19.11,eduroam,34:db:fd:97:fd:41,-62
618,40,20220401_155551,64.93,19.11,central,58:97:1e:15:09:f0,-64
619,40,20220401_155551,64.93,19.11,eduroam,58:97:1e:15:09:f1,-64
620,40,20220401_155551,64.93,19.11,central,34:db:fd:97:fd:4f,-68
621,40,20220401_155551,64.93,19.11,central,b8:be:bf:ef:1b:ef,-70
622,40,20220401_155551,64.93,19.11,eduroam,34:db:fd:97:fd:4e,-70
623,40,20220401_155551,64.93,19.11,eduroam,b8:be:bf:ef:1b:ee,-71
624,40,20220401_155551,64.93,19.11,eduroam,5c:83:8f:d8:76:21,-71
625,40,20220401_155551,64.93,19.11,HANABI,58:97:1e:14:16:1d,-76
626,40,20220401_155551,64.93,19.11,central,58:97:1e:14:16:1f,-76
627,40,20220401_155551,64.93,19.11,eduroam,58:97:1e:14:16:1e,-76
628,40,20220401_155551,64.93,19.11,eduroam,c4:0a:cb:25:13:c1,-76
629,40,20220401_155551,64.93,19.11,eduroam,f8:4f:57:f1:c3:51,-81
630,40,20220401_155551,64.93,19.11,central,f8:4f:57:f1:c3:50,-82
631,40,20220401_155551,64.93,19.11,central,58:97:1e:15:09:ff,-90
632,40,20220401_155551,64.93,19.11,central,5c:83:8f:d8:76:2f,-91
633,40,20220401_155551,64.93,19.11,eduroam,5c:83:8f:d8:76:2e,-91
634,40,20220401_155551,64.93,19.11,central,5c:83:8f:dd:6b:2f,-91
635,40,20220401_155551,64.93,19.11,eduroam,58:97:1e:15:09:fe,-91
636,41,20220401_155731,64.93,22.41,central,58:97:1e:14:16:10,-64
637,41,20220401_155731,64.93,22.41,central,b8:be:bf:ef:1b:e0,-65
638,41,20220401_155731,64.93,22.41,eduroam,b8:be:bf:ef:1b:e1,-65
639,41,20220401_155731,64.93,22.41,HANABI,58:97:1e:14:16:12,-65
640,41,20220401_155731,64.93,22.41,eduroam,58:97:1e:14:16:11,-65
641,41,20220401_155731,64.93,22.41,central,58:97:1e:15:09:f0,-67
642,41,20220401_155731,64.93,22.41,eduroam,58:97:1e:15:09:f1,-67
643,41,20220401_155731,64.93,22.41,eduroam,c4:0a:cb:25:13:c1,-68
644,41,20220401_155731,64.93,22.41,eduroam,c4:0a:cb:2c:d2:91,-68
645,41,20220401_155731,64.93,22.41,central,c4:0a:cb:25:13:c0,-69
646,41,20220401_155731,64.93,22.41,central,c4:0a:cb:2c:d2:90,-70
647,41,20220401_155731,64.93,22.41,eduroam,34:db:fd:97:fd:41,-74
648,41,20220401_155731,64.93,22.41,central,b8:be:bf:ef:1b:ef,-80
649,41,20220401_155731,64.93,22.41,eduroam,b8:be:bf:ef:1b:ee,-80
650,41,20220401_155731,64.93,22.41,central,58:97:1e:14:16:1f,-81
651,41,20220401_155731,64.93,22.41,HANABI,58:97:1e:14:16:1d,-82
652,41,20220401_155731,64.93,22.41,eduroam,58:97:1e:14:16:1e,-82
653,41,20220401_155731,64.93,22.41,eduroam,34:db:fd:97:fd:4e,-85
654,41,20220401_155731,64.93,22.41,central,34:db:fd:97:fd:4f,-88
655,41,20220401_155731,64.93,22.41,central,58:97:1e:15:09:ff,-89
656,42,20220401_155836,64.93,26.33,eduroam,58:97:1e:14:16:11,-55
657,42,20220401_155836,64.93,26.33,central,58:97:1e:14:16:10,-55
658,42,20220401_155836,64.93,26.33,HANABI,58:97:1e:14:16:12,-56
659,42,20220401_155836,64.93,26.33,central,b8:be:bf:ef:1b:ef,-57
660,42,20220401_155836,64.93,26.33,eduroam,b8:be:bf:ef:1b:ee,-59
661,42,20220401_155836,64.93,26.33,central,58:97:1e:15:09:f0,-61
662,42,20220401_155836,64.93,26.33,eduroam,58:97:1e:15:09:f1,-62
663,42,20220401_155836,64.93,26.33,eduroam,c4:0a:cb:2c:d2:91,-68
664,42,20220401_155836,64.93,26.33,central,c4:0a:cb:25:13:c0,-70
665,42,20220401_155836,64.93,26.33,HANABI,58:97:1e:14:16:1d,-72
666,42,20220401_155836,64.93,26.33,central,58:97:1e:14:16:1f,-72
667,42,20220401_155836,64.93,26.33,eduroam,58:97:1e:14:16:1e,-72
668,42,20220401_155836,64.93,26.33,eduroam,34:db:fd:97:fd:41,-75
669,42,20220401_155836,64.93,26.33,central,58:97:1e:15:09:ff,-76
670,42,20220401_155836,64.93,26.33,eduroam,58:97:1e:15:09:fe,-76
671,42,20220401_155836,64.93,26.33,eduroam,c4:0a:cb:25:13:ce,-88
672,42,20220401_155836,64.93,26.33,eduroam,34:db:fd:97:fd:4e,-89
673,42,20220401_155836,64.93,26.33,central,34:db:fd:97:fd:4f,-89
674,43,20220401_155906,64.93,30.25,central,c4:0a:cb:25:13:c0,-60
675,43,20220401_155906,64.93,30.25,eduroam,b8:be:bf:ef:1b:e1,-63
676,43,20220401_155906,64.93,30.25,central,58:97:1e:15:09:f0,-63
677,43,20220401_155906,64.93,30.25,central,b8:be:bf:ef:1b:e0,-64
678,43,20220401_155906,64.93,30.25,eduroam,58:97:1e:15:09:f1,-64
679,43,20220401_155906,64.93,30.25,eduroam,b8:be:bf:ef:1b:ee,-66
680,43,20220401_155906,64.93,30.25,central,b8:be:bf:ef:1b:ef,-68
681,43,20220401_155906,64.93,30.25,eduroam,58:97:1e:14:16:11,-69
682,43,20220401_155906,64.93,30.25,HANABI,58:97:1e:14:16:12,-70
683,43,20220401_155906,64.93,30.25,central,58:97:1e:14:16:10,-70
684,43,20220401_155906,64.93,30.25,central,58:97:1e:15:09:ff,-76
685,43,20220401_155906,64.93,30.25,eduroam,58:97:1e:15:09:fe,-77
686,43,20220401_155906,64.93,30.25,HANABI,58:97:1e:14:16:1d,-78
687,43,20220401_155906,64.93,30.25,central,58:97:1e:14:16:1f,-78
688,43,20220401_155906,64.93,30.25,eduroam,58:97:1e:14:16:1e,-78
689,43,20220401_155906,64.93,30.25,central,34:db:fd:97:fd:40,-79
690,43,20220401_155906,64.93,30.25,eduroam,c4:0a:cb:2c:d2:9e,-88
691,43,20220401_155906,64.93,30.25,eduroam,c4:0a:cb:25:13:ce,-90
692,44,20220401_155932,64.93,34.17,eduroam,58:97:1e:15:09:f1,-54
693,44,20220401_155932,64.93,34.17,central,58:97:1e:15:09:f0,-55
694,44,20220401_155932,64.93,34.17,eduroam,c4:0a:cb:2c:d2:91,-58
695,44,20220401_155932,64.93,34.17,central,c4:0a:cb:2c:d2:90,-58
696,44,20220401_155932,64.93,34.17,eduroam,c4:0a:cb:25:13:c1,-65
697,44,20220401_155932,64.93,34.17,central,b8:be:bf:ef:1b:e0,-68
698,44,20220401_155932,64.93,34.17,eduroam,b8:be:bf:ef:1b:e1,-68
699,44,20220401_155932,64.93,34.17,central,b8:be:bf:ef:1b:ef,-68
700,44,20220401_155932,64.93,34.17,eduroam,b8:be:bf:ef:1b:ee,-69
701,44,20220401_155932,64.93,34.17,central,58:97:1e:15:09:ff,-72
702,44,20220401_155932,64.93,34.17,eduroam,58:97:1e:15:09:fe,-72
703,44,20220401_155932,64.93,34.17,eduroam,58:97:1e:14:16:11,-73
704,44,20220401_155932,64.93,34.17,HANABI,58:97:1e:14:16:12,-74
705,44,20220401_155932,64.93,34.17,central,58:97:1e:14:16:10,-74
706,44,20220401_155932,64.93,34.17,eduroam,c4:0a:cb:2c:d2:9e,-80
707,44,20220401_155932,64.93,34.17,central,c4:0a:cb:2c:d2:9f,-81
708,44,20220401_155932,64.93,34.17,eduroam,c4:0a:cb:25:13:ce,-82
709,44,20220401_155932,64.93,34.17,central,c4:0a:cb:25:13:cf,-82
710,44,20220401_155932,64.93,34.17,eduroam,58:97:1e:14:16:1e,-88
711,45,20220401_155956,64.93,38.09,central,c4:0a:cb:2c:d2:90,-62
712,45,20220401_155956,64.93,38.09,eduroam,c4:0a:cb:2c:d2:91,-63
713,45,20220401_155956,64.93,38.09,central,c4:0a:cb:25:13:c0,-63
714,45,20220401_155956,64.93,38.09,central,b8:be:bf:ef:1b:e0,-73
715,45,20220401_155956,64.93,38.09,eduroam,b8:be:bf:ef:1b:e1,-73
716,45,20220401_155956,64.93,38.09,central,58:97:1e:15:09:f0,-74
717,45,20220401_155956,64.93,38.09,eduroam,c4:0a:cb:25:13:ce,-74
718,45,20220401_155956,64.93,38.09,central,c4:0a:cb:25:13:cf,-74
719,45,20220401_155956,64.93,38.09,HANABI,58:97:1e:14:16:12,-76
720,45,20220401_155956,64.93,38.09,eduroam,58:97:1e:15:09:f1,-76
721,45,20220401_155956,64.93,38.09,eduroam,58:97:1e:14:16:11,-77
722,45,20220401_155956,64.93,38.09,central,58:97:1e:14:16:10,-77
723,45,20220401_155956,64.93,38.09,eduroam,c4:0a:cb:2c:d2:9e,-78
724,45,20220401_155956,64.93,38.09,central,c4:0a:cb:2c:d2:9f,-78
725,45,20220401_155956,64.93,38.09,central,34:db:fd:97:fd:40,-81
726,45,20220401_155956,64.93,38.09,central,58:97:1e:15:09:ff,-83
727,45,20220401_155956,64.93,38.09,eduroam,58:97:1e:15:09:fe,-84
728,45,20220401_155956,64.93,38.09,central,b8:be:bf:ef:1b:ef,-85
729,45,20220401_155956,64.93,38.09,eduroam,b8:be:bf:ef:1b:ee,-86
730,45,20220401_155956,64.93,38.09,eduroam,58:97:1e:14:16:1e,-89
731,45,20220401_155956,64.93,38.09,HANABI,58:97:1e:14:16:1d,-91
732,46,20220401_160022,64.93,42.01,central,c4:0a:cb:2c:d2:90,-62
733,46,20220401_160022,64.93,42.01,eduroam,c4:0a:cb:2c:d2:91,-63
734,46,20220401_160022,64.93,42.01,central,c4:0a:cb:25:13:c0,-63
735,46,20220401_160022,64.93,42.01,central,b8:be:bf:ef:1b:e0,-73
736,46,20220401_160022,64.93,42.01,eduroam,b8:be:bf:ef:1b:e1,-73
737,46,20220401_160022,64.93,42.01,central,58:97:1e:15:09:f0,-74
738,46,20220401_160022,64.93,42.01,eduroam,c4:0a:cb:25:13:ce,-74
739,46,20220401_160022,64.93,42.01,central,c4:0a:cb:25:13:cf,-74
740,46,20220401_160022,64.93,42.01,HANABI,58:97:1e:14:16:12,-76
741,46,20220401_160022,64.93,42.01,eduroam,58:97:1e:15:09:f1,-76
742,46,20220401_160022,64.93,42.01,eduroam,58:97:1e:14:16:11,-77
743,46,20220401_160022,64.93,42.01,central,58:97:1e:14:16:10,-77
744,46,20220401_160022,64.93,42.01,eduroam,c4:0a:cb:2c:d2:9e,-78
745,46,20220401_160022,64.93,42.01,central,c4:0a:cb:2c:d2:9f,-78
746,46,20220401_160022,64.93,42.01,central,34:db:fd:97:fd:40,-81
747,46,20220401_160022,64.93,42.01,central,58:97:1e:15:09:ff,-83
748,46,20220401_160022,64.93,42.01,eduroam,58:97:1e:15:09:fe,-84
749,46,20220401_160022,64.93,42.01,central,b8:be:bf:ef:1b:ef,-85
750,46,20220401_160022,64.93,42.01,eduroam,b8:be:bf:ef:1b:ee,-86
751,46,20220401_160022,64.93,42.01,eduroam,58:97:1e:14:16:1e,-89
752,46,20220401_160022,64.93,42.01,HANABI,58:97:1e:14:16:1d,-91
753,47,20220401_160149,64.93,45.75,central,c4:0a:cb:2c:d2:90,-63
754,47,20220401_160149,64.93,45.75,eduroam,c4:0a:cb:2c:d2:91,-64
755,47,20220401_160149,64.93,45.75,eduroam,c4:0a:cb:25:13:c1,-68
756,47,20220401_160149,64.93,45.75,central,5c:50:15:72:c5:c0,-72
757,47,20220401_160149,64.93,45.75,eduroam,5c:50:15:72:c5:c1,-73
758,47,20220401_160149,64.93,45.75,eduroam,c4:0a:cb:2c:d2:9e,-78
759,47,20220401_160149,64.93,45.75,central,58:97:1e:15:09:f0,-78
760,47,20220401_160149,64.93,45.75,central,c4:0a:cb:2c:d2:9f,-79
761,47,20220401_160149,64.93,45.75,eduroam,00:3a:7d:a2:97:61,-81
762,47,20220401_160149,64.93,45.75,Visit-Ed,b8:3a:5a:bc:52:62,-84
763,47,20220401_160149,64.93,45.75,central,24:01:c7:f7:7f:10,-84
764,47,20220401_160149,64.93,45.75,central,54:78:1a:73:a2:6f,-86
765,47,20220401_160149,64.93,45.75,eduroam,54:78:1a:73:a2:6e,-86
766,47,20220401_160149,64.93,45.75,Visit-Ed,b8:3a:5a:bb:6c:82,-87
767,47,20220401_160149,64.93,45.75,central,c4:0a:cb:25:13:cf,-88
768,47,20220401_160149,64.93,45.75,central,58:97:1e:15:09:ff,-88
769,47,20220401_160149,64.93,45.75,eduroam,58:97:1e:15:09:fe,-89
770,47,20220401_160149,64.93,45.75,eduroam,c4:0a:cb:25:13:ce,-90
771,47,20220401_160149,64.93,45.75,central,00:3a:7d:a2:97:6f,-90
772,47,20220401_160149,64.93,45.75,eduroam,00:3a:7d:a2:97:6e,-90
773,48,20220401_160312,62.68,45.75,eduroam,c4:0a:cb:25:13:c1,-62
774,48,20220401_160312,62.68,45.75,eduroam,c4:0a:cb:2c:d2:91,-68
775,48,20220401_160312,62.68,45.75,central,c4:0a:cb:25:13:c0,-68
776,48,20220401_160312,62.68,45.75,central,c4:0a:cb:2c:d2:90,-68
777,48,20220401_160312,62.68,45.75,eduroam,b8:3a:5a:bc:52:60,-77
778,48,20220401_160312,62.68,45.75,central,b8:3a:5a:bb:6c:81,-77
779,48,20220401_160312,62.68,45.75,Visit-Ed,b8:3a:5a:bc:52:62,-82
780,48,20220401_160312,62.68,45.75,SolsticePod_HB_CR5,ac:d5:64:21:3d:c7,-83
781,48,20220401_160312,62.68,45.75,central,c4:0a:cb:25:13:cf,-85
782,48,20220401_160312,62.68,45.75,eduroam,c4:0a:cb:2c:d2:9e,-85
783,48,20220401_160312,62.68,45.75,central,c4:0a:cb:2c:d2:9f,-85
784,48,20220401_160312,62.68,45.75,central,b8:3a:5a:bc:51:61,-88
785,48,20220401_160312,62.68,45.75,central,00:3a:7d:a2:97:6f,-90
786,48,20220401_160312,62.68,45.75,eduroam,00:3a:7d:a2:97:6e,-90
787,48,20220401_160312,62.68,45.75,central,54:78:1a:73:a2:6f,-93
788,49,20220401_160542,62.68,48.0,eduroam,c4:0a:cb:25:13:c1,-70
789,49,20220401_160542,62.68,48.0,eduroam,c4:0a:cb:2c:d2:91,-70
790,49,20220401_160542,62.68,48.0,central,c4:0a:cb:2c:d2:90,-70
791,49,20220401_160542,62.68,48.0,central,b8:3a:5a:bc:52:61,-74
792,49,20220401_160542,62.68,48.0,Visit-Ed,b8:3a:5a:bc:52:62,-75
793,49,20220401_160542,62.68,48.0,eduroam,5c:50:15:72:c5:c1,-77
794,49,20220401_160542,62.68,48.0,central,5c:50:15:72:c5:c0,-77
795,49,20220401_160542,62.68,48.0,eduroam,c4:0a:cb:2c:d2:9e,-80
796,49,20220401_160542,62.68,48.0,central,c4:0a:cb:2c:d2:9f,-80
797,49,20220401_160542,62.68,48.0,eduroam,c4:0a:cb:25:13:ce,-86
798,49,20220401_160542,62.68,48.0,central,c4:0a:cb:25:13:cf,-86
799,49,20220401_160542,62.68,48.0,eduroam,b8:3a:5a:bc:52:70,-86
800,49,20220401_160542,62.68,48.0,central,b8:3a:5a:bc:52:71,-88
801,49,20220401_160542,62.68,48.0,Visit-Ed,b8:3a:5a:bc:52:72,-88
802,49,20220401_160542,62.68,48.0,central,58:97:1e:15:09:ff,-89
803,50,20220401_160605,62.68,50.25,eduroam,c4:0a:cb:25:13:c1,-74
804,50,20220401_160605,62.68,50.25,central,c4:0a:cb:25:13:c0,-74
805,50,20220401_160605,62.68,50.25,central,c4:0a:cb:2c:d2:90,-75
806,50,20220401_160605,62.68,50.25,Visit-Ed,b8:3a:5a:bc:52:62,-79
807,50,20220401_160605,62.68,50.25,Visit-Ed,b8:3a:5a:bb:a9:62,-83
808,50,20220401_160605,62.68,50.25,eduroam,c4:0a:cb:25:13:ce,-92
809,50,20220401_160605,62.68,50.25,central,c4:0a:cb:25:13:cf,-92
810,51,20220401_160632,62.68,52.5,eduroam,b8:3a:5a:bc:52:60,-69
811,51,20220401_160632,62.68,52.5,central,c4:0a:cb:25:13:c0,-73
812,51,20220401_160632,62.68,52.5,central,b8:3a:5a:bc:52:61,-73
813,51,20220401_160632,62.68,52.5,Visit-Ed,b8:3a:5a:bc:52:62,-74
814,51,20220401_160632,62.68,52.5,eduroam,c4:0a:cb:25:13:c1,-76
815,51,20220401_160632,62.68,52.5,eduroam,c4:0a:cb:2c:d2:91,-77
816,51,20220401_160632,62.68,52.5,eduroam,b8:3a:5a:bc:52:70,-78
817,51,20220401_160632,62.68,52.5,central,b8:3a:5a:bc:52:71,-78
818,51,20220401_160632,62.68,52.5,central,c4:0a:cb:2c:d2:90,-79
819,51,20220401_160632,62.68,52.5,Visit-Ed,b8:3a:5a:bc:52:72,-79
820,51,20220401_160632,62.68,52.5,Visit-Ed,b8:3a:5a:bb:a9:62,-80
821,52,20220401_160743,62.68,54.7,eduroam,b8:3a:5a:bc:52:60,-65
822,52,20220401_160743,62.68,54.7,Visit-Ed,b8:3a:5a:bc:52:62,-66
823,52,20220401_160743,62.68,54.7,central,b8:3a:5a:bc:52:61,-66
824,52,20220401_160743,62.68,54.7,eduroam,b8:3a:5a:bb:a9:60,-66
825,52,20220401_160743,62.68,54.7,central,b8:3a:5a:bb:a9:61,-72
826,52,20220401_160743,62.68,54.7,Visit-Ed,b8:3a:5a:bb:a9:62,-73
827,52,20220401_160743,62.68,54.7,eduroam,c4:0a:cb:25:13:c1,-79
828,52,20220401_160743,62.68,54.7,TP-Link_F946,d8:07:b6:13:f9:46,-84
829,52,20220401_160743,62.68,54.7,Visit-Ed,b8:3a:5a:bc:51:62,-85
830,52,20220401_160743,62.68,54.7,central,b8:3a:5a:bc:51:61,-86
831,52,20220401_160743,62.68,54.7,central,b8:3a:5a:bb:a9:71,-88
832,52,20220401_160743,62.68,54.7,Visit-Ed,b8:3a:5a:bb:a9:72,-88
833,53,20220401_160846,62.68,57.16,central,b8:3a:5a:bc:52:61,-68
834,53,20220401_160846,62.68,57.16,eduroam,b8:3a:5a:bc:52:60,-68
835,53,20220401_160846,62.68,57.16,Visit-Ed,b8:3a:5a:bc:52:62,-70
836,53,20220401_160846,62.68,57.16,eduroam,c4:0a:cb:25:13:c1,-79
837,53,20220401_160846,62.68,57.16,central,c4:0a:cb:25:13:c0,-80
838,53,20220401_160846,62.68,57.16,Visit-Ed,b8:3a:5a:bb:a9:62,-82
839,53,20220401_160846,62.68,57.16,central,b8:3a:5a:bc:52:71,-85
840,53,20220401_160846,62.68,57.16,eduroam,b8:3a:5a:bc:52:70,-86
841,53,20220401_160846,62.68,57.16,Visit-Ed,b8:3a:5a:bc:52:72,-86
842,54,20220401_160918,62.68,59.62,central,b8:3a:5a:bc:52:61,-69
843,54,20220401_160918,62.68,59.62,eduroam,b8:3a:5a:bc:52:60,-70
844,54,20220401_160918,62.68,59.62,Visit-Ed,b8:3a:5a:bc:52:62,-72
845,54,20220401_160918,62.68,59.62,TP-Link_F946,d8:07:b6:13:f9:46,-75
846,54,20220401_160918,62.68,59.62,eduroam,c4:0a:cb:25:13:c1,-80
847,54,20220401_160918,62.68,59.62,central,c4:0a:cb:25:13:c0,-81
848,54,20220401_160918,62.68,59.62,Visit-Ed,b8:3a:5a:bb:a9:62,-83
849,54,20220401_160918,62.68,59.62,eduroam,b8:3a:5a:bc:51:60,-84
850,54,20220401_160918,62.68,59.62,central,b8:3a:5a:bc:51:61,-84
851,54,20220401_160918,62.68,59.62,central,c4:14:3c:e5:6c:00,-85
852,54,20220401_160918,62.68,59.62,Visit-Ed,b8:3a:5a:bc:51:62,-86
853,55,20220401_161013,62.68,61.57,eduroam,b8:3a:5a:bc:52:60,-78
854,55,20220401_161013,62.68,61.57,central,18:ef:63:9a:4f:d0,-78
855,55,20220401_161013,62.68,61.57,eduroam,18:ef:63:9a:4f:d1,-79
856,55,20220401_161013,62.68,61.57,central,b8:3a:5a:bb:a9:61,-80
857,55,20220401_161013,62.68,61.57,Visit-Ed,b8:3a:5a:bb:a9:62,-82
858,55,20220401_161013,62.68,61.57,Visit-Ed,b8:3a:5a:bc:52:62,-84
859,55,20220401_161013,62.68,61.57,eduroam,b8:3a:5a:bb:a9:60,-84
860,55,20220401_161013,62.68,61.57,eduroam,c4:14:3c:e5:6c:01,-84
861,55,20220401_161013,62.68,61.57,eduroam,b8:be:bf:ef:4e:a1,-84
862,55,20220401_161013,62.68,61.57,central,c4:14:3c:e5:6c:00,-85
863,55,20220401_161013,62.68,61.57,central,b8:be:bf:ef:4e:a0,-85
864,56,20220401_161323,62.68,65.07,Visit-Ed,b8:3a:5a:bc:52:62,-74
865,56,20220401_161323,62.68,65.07,eduroam,18:ef:63:9a:4f:d1,-74
866,56,20220401_161323,62.68,65.07,TP-Link_F946,d8:07:b6:13:f9:46,-75
867,56,20220401_161323,62.68,65.07,central,18:ef:63:9a:4f:d0,-75
868,56,20220401_161323,62.68,65.07,eduroam,b8:3a:5a:bc:52:60,-76
869,56,20220401_161323,62.68,65.07,central,b8:3a:5a:bc:52:61,-78
870,56,20220401_161323,62.68,65.07,central,c4:14:3c:e5:6c:00,-79
871,56,20220401_161323,62.68,65.07,eduroam,c4:14:3c:e5:6c:01,-82
872,56,20220401_161323,62.68,65.07,eduroam,58:97:1e:15:11:61,-84
873,56,20220401_161323,62.68,65.07,Visit-Ed,b8:3a:5a:bc:51:62,-86
874,56,20220401_161323,62.68,65.07,central,18:ef:63:9a:4f:df,-87
875,56,20220401_161323,62.68,65.07,eduroam,18:ef:63:9a:4f:de,-87
876,57,20220401_161431,62.68,68.68,TP-Link_F946,d8:07:b6:13:f9:46,-69
877,57,20220401_161431,62.68,68.68,eduroam,18:ef:63:9a:4f:d1,-74
878,57,20220401_161431,62.68,68.68,central,18:ef:63:9a:4f:d0,-75
879,57,20220401_161431,62.68,68.68,eduroam,b8:3a:5a:bc:52:60,-79
880,57,20220401_161431,62.68,68.68,Visit-Ed,b8:3a:5a:bc:52:62,-80
881,57,20220401_161431,62.68,68.68,central,b8:3a:5a:bc:52:61,-80
882,57,20220401_161431,62.68,68.68,central,c4:14:3c:e5:6c:00,-80
883,57,20220401_161431,62.68,68.68,eduroam,c4:14:3c:e5:6c:01,-80
884,57,20220401_161431,62.68,68.68,eduroam,58:97:1e:15:11:61,-81
885,57,20220401_161431,62.68,68.68,eduroam,b8:3a:5a:bc:51:60,-82
886,57,20220401_161431,62.68,68.68,eduroam,b8:be:bf:ef:4e:a1,-83
887,57,20220401_161431,62.68,68.68,central,b8:be:bf:ef:4e:a0,-83
888,57,20220401_161431,62.68,68.68,eduroam,18:ef:63:9a:4f:de,-91
889,58,20220401_161523,62.68,71.69,TP-Link_F946,d8:07:b6:13:f9:46,-63
890,58,20220401_161523,62.68,71.69,eduroam,58:97:1e:15:11:61,-65
891,58,20220401_161523,62.68,71.69,central,58:97:1e:15:11:60,-66
892,58,20220401_161523,62.68,71.69,central,c4:14:3c:e5:6c:00,-68
893,58,20220401_161523,62.68,71.69,eduroam,c4:14:3c:e5:6c:01,-68
894,58,20220401_161523,62.68,71.69,central,18:ef:63:9a:4f:d0,-78
895,58,20220401_161523,62.68,71.69,eduroam,18:ef:63:9a:4f:d1,-79
909,0,20220401_175922,62.68,71.69,TP-Link_F946,d8:07:b6:13:f9:46,-52
910,0,20220401_175922,62.68,71.69,eduroam,c4:14:3c:e5:6c:01,-62
911,0,20220401_175922,62.68,71.69,central,c4:14:3c:e5:6c:00,-62
912,0,20220401_175922,62.68,71.69,central,58:97:1e:15:11:60,-68
913,0,20220401_175922,62.68,71.69,eduroam,58:97:1e:15:11:61,-71
914,0,20220401_175922,62.68,71.69,central,18:ef:63:9a:4f:d0,-78
915,0,20220401_175922,62.68,71.69,eduroam,18:ef:63:9a:4f:d1,-79
916,0,20220401_175922,62.68,71.69,eduroam,58:97:1e:15:11:6e,-82
917,0,20220401_175922,62.68,71.69,central,58:97:1e:15:11:6f,-83
918,0,20220401_175922,62.68,71.69,eduroam,b8:3a:5a:bc:52:60,-84
919,0,20220401_175922,62.68,71.69,central,b8:3a:5a:bb:a9:61,-87
920,0,20220401_175922,62.68,71.69,Visit-Ed,b8:3a:5a:bb:a9:62,-87
921,1,20220401_175925,62.68,74.13,eduroam,c4:14:3c:e5:6c:01,-61
922,1,20220401_175925,62.68,74.13,central,c4:14:3c:e5:6c:00,-61
923,1,20220401_175925,62.68,74.13,TP-Link_F946,d8:07:b6:13:f9:46,-63
924,1,20220401_175925,62.68,74.13,eduroam,58:97:1e:15:11:61,-70
925,1,20220401_175925,62.68,74.13,central,58:97:1e:15:11:60,-71
926,1,20220401_175925,62.68,74.13,eduroam,18:ef:63:9a:4f:d1,-76
927,1,20220401_175925,62.68,74.13,central,18:ef:63:9a:4f:d0,-77
928,1,20220401_175925,62.68,74.13,eduroam,58:97:1e:15:11:6e,-78
929,1,20220401_175925,62.68,74.13,central,58:97:1e:15:11:6f,-78
930,1,20220401_175925,62.68,74.13,eduroam,c4:14:3c:e5:6c:0e,-87
931,1,20220401_175925,62.68,74.13,central,c4:14:3c:e5:6c:0f,-88
932,2,20220401_180006,62.68,76.57,eduroam,c4:14:3c:e5:6c:01,-61
933,2,20220401_180006,62.68,76.57,central,c4:14:3c:e5:6c:00,-61
934,2,20220401_180006,62.68,76.57,TP-Link_F946,d8:07:b6:13:f9:46,-63
935,2,20220401_180006,62.68,76.57,eduroam,58:97:1e:15:11:61,-70
936,2,20220401_180006,62.68,76.57,central,58:97:1e:15:11:60,-71
937,2,20220401_180006,62.68,76.57,eduroam,18:ef:63:9a:4f:d1,-76
938,2,20220401_180006,62.68,76.57,central,18:ef:63:9a:4f:d0,-77
939,2,20220401_180006,62.68,76.57,eduroam,58:97:1e:15:11:6e,-78
940,2,20220401_180006,62.68,76.57,central,58:97:1e:15:11:6f,-78
941,2,20220401_180006,62.68,76.57,eduroam,c4:14:3c:e5:6c:0e,-87
942,2,20220401_180006,62.68,76.57,central,c4:14:3c:e5:6c:0f,-88
943,3,20220401_180105,60.24,76.57,eduroam,58:97:1e:15:11:61,-51
944,3,20220401_180105,60.24,76.57,central,58:97:1e:15:11:60,-51
945,3,20220401_180105,60.24,76.57,eduroam,58:97:1e:15:11:6e,-65
946,3,20220401_180105,60.24,76.57,central,58:97:1e:15:11:6f,-65
947,3,20220401_180105,60.24,76.57,eduroam,c4:14:3c:e5:6c:01,-71
948,3,20220401_180105,60.24,76.57,central,c4:14:3c:e5:6c:00,-71
949,3,20220401_180105,60.24,76.57,Visit-Ed,b8:3a:5a:bc:52:62,-84
950,3,20220401_180105,60.24,76.57,central,b8:3a:5a:bc:52:61,-84
951,3,20220401_180105,60.24,76.57,central,b8:3a:5a:bb:a9:61,-85
952,3,20220401_180105,60.24,76.57,Visit-Ed,b8:3a:5a:bb:a9:62,-87
953,3,20220401_180105,60.24,76.57,eduroam,c4:14:3c:e5:6c:0e,-92
954,1,20220401_180322,57.8,66.81,eduroam,58:97:1e:15:11:61,-45
955,1,20220401_180322,57.8,66.81,central,58:97:1e:15:11:60,-46
956,1,20220401_180322,57.8,66.81,eduroam,58:97:1e:15:11:6e,-62
957,1,20220401_180322,57.8,66.81,central,58:97:1e:15:11:6f,-63
958,1,20220401_180322,57.8,66.81,TP-Link_F946,d8:07:b6:13:f9:46,-74
959,1,20220401_180322,57.8,66.81,eduroam,c4:14:3c:e5:6c:01,-78
960,1,20220401_180322,57.8,66.81,central,c4:14:3c:e5:6c:00,-78
961,1,20220401_180322,57.8,66.81,central,34:a8:4e:fd:68:e0,-81
962,1,20220401_180322,57.8,66.81,eduroam,34:a8:4e:fd:68:e1,-81
963,2,20220401_180401,55.36,66.81,eduroam,58:97:1e:15:11:61,-47
964,2,20220401_180401,55.36,66.81,central,58:97:1e:15:11:60,-48
965,2,20220401_180401,55.36,66.81,eduroam,58:97:1e:15:11:6e,-53
966,2,20220401_180401,55.36,66.81,central,58:97:1e:15:11:6f,-55
967,2,20220401_180401,55.36,66.81,TP-Link_F946,d8:07:b6:13:f9:46,-80
968,2,20220401_180401,55.36,66.81,central,c4:14:3c:e5:6c:00,-83
969,2,20220401_180401,55.36,66.81,eduroam,c4:14:3c:e5:6c:01,-84
970,2,20220401_180401,55.36,66.81,central,54:78:1a:73:a2:60,-84
971,2,20220401_180401,55.36,66.81,eduroam,54:78:1a:73:a2:61,-85
972,3,20220401_180446,52.92,66.81,central,58:97:1e:15:11:60,-40
973,3,20220401_180446,52.92,66.81,eduroam,58:97:1e:15:11:61,-41
974,3,20220401_180446,52.92,66.81,eduroam,58:97:1e:15:11:6e,-48
975,3,20220401_180446,52.92,66.81,central,58:97:1e:15:11:6f,-49
976,3,20220401_180446,52.92,66.81,TP-Link_F946,d8:07:b6:13:f9:46,-79
977,3,20220401_180446,52.92,66.81,eduroam,58:97:1e:14:75:51,-84
978,3,20220401_180446,52.92,66.81,central,54:78:1a:73:a2:60,-84
979,4,20220401_180524,50.48,66.81,central,58:97:1e:15:11:60,-22
980,4,20220401_180524,50.48,66.81,eduroam,58:97:1e:15:11:61,-23
981,4,20220401_180524,50.48,66.81,central,58:97:1e:15:11:6f,-32
982,4,20220401_180524,50.48,66.81,eduroam,58:97:1e:15:11:6e,-34
983,4,20220401_180524,50.48,66.81,TP-Link_F946,d8:07:b6:13:f9:46,-79
984,4,20220401_180524,50.48,66.81,eduroam,58:97:1e:14:75:51,-80
985,4,20220401_180524,50.48,66.81,central,58:97:1e:14:75:50,-80
986,4,20220401_180524,50.48,66.81,eduroam,6c:99:89:0d:91:41,-84
987,4,20220401_180524,50.48,66.81,central,34:a8:4e:fd:68:ef,-90
988,5,20220401_180605,48.04,66.81,central,58:97:1e:15:11:60,-46
989,5,20220401_180605,48.04,66.81,eduroam,58:97:1e:15:11:6e,-48
990,5,20220401_180605,48.04,66.81,eduroam,58:97:1e:15:11:61,-48
991,5,20220401_180605,48.04,66.81,central,34:a8:4e:fd:68:e0,-73
992,5,20220401_180605,48.04,66.81,eduroam,34:a8:4e:fd:68:e1,-75
993,5,20220401_180605,48.04,66.81,TP-Link_F946,d8:07:b6:13:f9:46,-77
994,5,20220401_180605,48.04,66.81,central,54:78:1a:73:a2:60,-80
995,5,20220401_180605,48.04,66.81,central,34:a8:4e:fd:68:ef,-83
996,5,20220401_180605,48.04,66.81,eduroam,c4:14:3c:e5:6c:01,-84
997,5,20220401_180605,48.04,66.81,central,c4:14:3c:e5:6c:00,-84
998,5,20220401_180605,48.04,66.81,eduroam,34:a8:4e:fd:68:ee,-84
999,6,20220401_180643,45.6,66.81,central,58:97:1e:15:11:6f,-53
1000,6,20220401_180643,45.6,66.81,eduroam,58:97:1e:15:11:61,-53
1001,6,20220401_180643,45.6,66.81,central,58:97:1e:15:11:60,-53
1002,6,20220401_180643,45.6,66.81,eduroam,58:97:1e:15:11:6e,-56
1003,6,20220401_180643,45.6,66.81,central,34:a8:4e:fd:68:e0,-59
1004,6,20220401_180643,45.6,66.81,eduroam,58:97:1e:14:75:51,-76
1005,6,20220401_180643,45.6,66.81,eduroam,34:a8:4e:fd:68:ee,-79
1006,6,20220401_180643,45.6,66.81,central,34:a8:4e:fd:68:ef,-80
1007,6,20220401_180643,45.6,66.81,central,54:78:1a:73:a2:60,-80
1008,6,20220401_180643,45.6,66.81,eduroam,54:78:1a:73:a2:61,-80
1009,6,20220401_180643,45.6,66.81,TP-Link_F946,d8:07:b6:13:f9:46,-81
1010,6,20220401_180643,45.6,66.81,central,b8:be:bf:ef:4e:a0,-83
1011,6,20220401_180643,45.6,66.81,eduroam,b8:be:bf:ef:4e:a1,-83
1012,7,20220401_180714,43.16,66.81,central,58:97:1e:15:11:60,-53
1013,7,20220401_180714,43.16,66.81,eduroam,58:97:1e:15:11:61,-54
1014,7,20220401_180714,43.16,66.81,central,34:a8:4e:fd:68:e0,-62
1015,7,20220401_180714,43.16,66.81,eduroam,34:a8:4e:fd:68:e1,-62
1016,7,20220401_180714,43.16,66.81,eduroam,58:97:1e:15:11:6e,-63
1017,7,20220401_180714,43.16,66.81,central,58:97:1e:15:11:6f,-65
1018,7,20220401_180714,43.16,66.81,central,34:a8:4e:fd:68:ef,-73
1019,7,20220401_180714,43.16,66.81,eduroam,34:a8:4e:fd:68:ee,-73
1020,7,20220401_180714,43.16,66.81,central,54:78:1a:73:a2:60,-80
1021,7,20220401_180714,43.16,66.81,eduroam,54:78:1a:73:a2:61,-81
1022,7,20220401_180714,43.16,66.81,eduroam,58:97:1e:14:75:5e,-91
1023,7,20220401_180714,43.16,66.81,central,58:97:1e:14:75:5f,-92
1024,8,20220401_180749,40.72,66.81,eduroam,58:97:1e:15:11:61,-58
1025,8,20220401_180749,40.72,66.81,central,58:97:1e:15:11:60,-58
1026,8,20220401_180749,40.72,66.81,central,34:a8:4e:fd:68:e0,-60
1027,8,20220401_180749,40.72,66.81,eduroam,34:a8:4e:fd:68:e1,-62
1028,8,20220401_180749,40.72,66.81,central,58:97:1e:15:11:6f,-67
1029,8,20220401_180749,40.72,66.81,eduroam,58:97:1e:14:75:51,-67
1030,8,20220401_180749,40.72,66.81,central,58:97:1e:14:75:50,-67
1031,8,20220401_180749,40.72,66.81,eduroam,58:97:1e:15:11:6e,-69
1032,8,20220401_180749,40.72,66.81,eduroam,34:a8:4e:fd:68:ee,-76
1033,8,20220401_180749,40.72,66.81,central,54:78:1a:73:a2:60,-78
1034,8,20220401_180749,40.72,66.81,eduroam,54:78:1a:73:a2:61,-78
1035,8,20220401_180749,40.72,66.81,eduroam,6c:99:89:0d:91:41,-82
1036,8,20220401_180749,40.72,66.81,TP-Link_F946,d8:07:b6:13:f9:46,-83
1037,8,20220401_180749,40.72,66.81,eduroam,58:97:1e:14:75:5e,-91
1038,8,20220401_180749,40.72,66.81,central,58:97:1e:14:75:5f,-91
1039,9,20220401_180825,38.28,66.81,eduroam,58:97:1e:15:11:61,-65
1040,9,20220401_180825,38.28,66.81,central,58:97:1e:15:11:60,-65
1041,9,20220401_180825,38.28,66.81,eduroam,58:97:1e:14:75:51,-68
1042,9,20220401_180825,38.28,66.81,central,58:97:1e:14:75:50,-68
1043,9,20220401_180825,38.28,66.81,central,58:97:1e:15:11:6f,-70
1044,9,20220401_180825,38.28,66.81,eduroam,58:97:1e:15:11:6e,-71
1045,9,20220401_180825,38.28,66.81,central,34:a8:4e:fd:68:e0,-71
1046,9,20220401_180825,38.28,66.81,eduroam,34:a8:4e:fd:68:e1,-72
1047,9,20220401_180825,38.28,66.81,central,34:a8:4e:fd:68:ef,-78
1048,9,20220401_180825,38.28,66.81,eduroam,34:a8:4e:fd:68:ee,-78
1049,9,20220401_180825,38.28,66.81,central,54:78:1a:73:a2:60,-78
1050,9,20220401_180825,38.28,66.81,central,6c:99:89:0d:91:40,-82
1051,9,20220401_180825,38.28,66.81,eduroam,6c:99:89:0d:91:41,-83
1052,9,20220401_180825,38.28,66.81,TP-Link_F946,d8:07:b6:13:f9:46,-84
1053,9,20220401_180825,38.28,66.81,eduroam,58:97:1e:14:75:5e,-84
1054,9,20220401_180825,38.28,66.81,central,58:97:1e:14:75:5f,-86
1055,10,20220401_180858,35.84,66.81,central,58:97:1e:14:75:50,-61
1056,10,20220401_180858,35.84,66.81,eduroam,58:97:1e:15:11:61,-62
1057,10,20220401_180858,35.84,66.81,central,58:97:1e:15:11:60,-62
1058,10,20220401_180858,35.84,66.81,eduroam,58:97:1e:14:75:51,-62
1059,10,20220401_180858,35.84,66.81,central,34:a8:4e:fd:68:e0,-70
1060,10,20220401_180858,35.84,66.81,central,58:97:1e:15:11:6f,-74
1061,10,20220401_180858,35.84,66.81,eduroam,58:97:1e:15:11:6e,-75
1062,10,20220401_180858,35.84,66.81,central,54:78:1a:73:a2:60,-81
1063,10,20220401_180858,35.84,66.81,eduroam,54:78:1a:73:a2:61,-82
1064,10,20220401_180858,35.84,66.81,eduroam,6c:99:89:0d:91:41,-82
1065,10,20220401_180858,35.84,66.81,central,b8:3a:5a:bb:f8:e1,-85
1066,10,20220401_180858,35.84,66.81,TP-Link_F946,d8:07:b6:13:f9:46,-86
1067,10,20220401_180858,35.84,66.81,Visit-Ed,b8:3a:5a:bb:f8:e2,-86
1068,10,20220401_180858,35.84,66.81,eduroam,58:97:1e:14:75:5e,-88
1069,10,20220401_180858,35.84,66.81,central,58:97:1e:14:75:5f,-88
1070,11,20220401_180932,33.4,66.81,central,58:97:1e:15:11:60,-56
1071,11,20220401_180932,33.4,66.81,eduroam,58:97:1e:14:75:51,-62
1072,11,20220401_180932,33.4,66.81,eduroam,58:97:1e:15:11:6e,-71
1073,11,20220401_180932,33.4,66.81,central,58:97:1e:15:11:6f,-71
1074,11,20220401_180932,33.4,66.81,central,34:a8:4e:fd:68:e0,-73
1075,11,20220401_180932,33.4,66.81,central,34:a8:4e:fd:68:ef,-81
1076,11,20220401_180932,33.4,66.81,eduroam,34:a8:4e:fd:68:ee,-82
1077,11,20220401_180932,33.4,66.81,central,58:97:1e:14:75:5f,-86
1078,11,20220401_180932,33.4,66.81,Visit-Ed,b8:3a:5a:bb:64:62,-86
1079,11,20220401_180932,33.4,66.81,eduroam,58:97:1e:14:75:5e,-87
1080,11,20220401_180932,33.4,66.81,central,b8:3a:5a:bb:64:61,-87
1081,12,20220401_181005,30.96,66.81,eduroam,58:97:1e:15:11:61,-65
1082,12,20220401_181005,30.96,66.81,central,58:97:1e:15:11:60,-65
1083,12,20220401_181005,30.96,66.81,eduroam,58:97:1e:14:75:51,-65
1084,12,20220401_181005,30.96,66.81,central,58:97:1e:14:75:50,-65
1085,12,20220401_181005,30.96,66.81,eduroam,34:a8:4e:fd:68:e1,-75
1086,12,20220401_181005,30.96,66.81,central,34:a8:4e:fd:68:e0,-76
1087,12,20220401_181005,30.96,66.81,eduroam,58:97:1e:15:11:6e,-78
1088,12,20220401_181005,30.96,66.81,central,58:97:1e:15:11:6f,-78
1089,12,20220401_181005,30.96,66.81,eduroam,58:97:1e:14:75:5e,-80
1090,12,20220401_181005,30.96,66.81,central,58:97:1e:14:75:5f,-80
1091,12,20220401_181005,30.96,66.81,eduroam,6c:99:89:0d:91:41,-81
1092,12,20220401_181005,30.96,66.81,eduroam,54:78:1a:21:3b:c1,-82
1093,12,20220401_181005,30.96,66.81,central,54:78:1a:21:3b:c0,-82
1094,12,20220401_181005,30.96,66.81,TP-Link_F946,d8:07:b6:13:f9:46,-86
1095,12,20220401_181005,30.96,66.81,central,34:a8:4e:fd:68:ef,-89
1096,12,20220401_181005,30.96,66.81,eduroam,34:a8:4e:fd:68:ee,-89
1097,13,20220401_181034,28.52,66.81,eduroam,58:97:1e:14:75:51,-63
1098,13,20220401_181034,28.52,66.81,eduroam,58:97:1e:15:11:61,-71
1099,13,20220401_181034,28.52,66.81,central,54:78:1a:73:a2:60,-73
1100,13,20220401_181034,28.52,66.81,eduroam,54:78:1a:73:a2:61,-74
1101,13,20220401_181034,28.52,66.81,eduroam,34:a8:4e:fd:68:e1,-78
1102,13,20220401_181034,28.52,66.81,eduroam,54:78:1a:21:3b:c1,-78
1103,13,20220401_181034,28.52,66.81,central,54:78:1a:21:3b:c0,-78
1104,13,20220401_181034,28.52,66.81,central,34:a8:4e:fd:68:e0,-79
1105,13,20220401_181034,28.52,66.81,eduroam,58:97:1e:15:11:6e,-81
1106,13,20220401_181034,28.52,66.81,central,58:97:1e:15:11:6f,-81
1107,13,20220401_181034,28.52,66.81,eduroam,58:97:1e:14:75:5e,-81
1108,13,20220401_181034,28.52,66.81,central,58:97:1e:14:75:5f,-82
1109,13,20220401_181034,28.52,66.81,central,54:78:1a:73:a2:6f,-91
1110,13,20220401_181034,28.52,66.81,eduroam,54:78:1a:73:a2:6e,-92
1111,14,20220401_181107,26.08,66.81,eduroam,58:97:1e:14:75:51,-66
1112,14,20220401_181107,26.08,66.81,central,58:97:1e:14:75:50,-66
1113,14,20220401_181107,26.08,66.81,eduroam,58:97:1e:15:11:61,-70
1114,14,20220401_181107,26.08,66.81,central,54:78:1a:73:a2:60,-75
1115,14,20220401_181107,26.08,66.81,eduroam,54:78:1a:73:a2:61,-75
1116,14,20220401_181107,26.08,66.81,central,6c:99:89:0d:91:40,-75
1117,14,20220401_181107,26.08,66.81,eduroam,6c:99:89:0d:91:41,-77
1118,14,20220401_181107,26.08,66.81,eduroam,58:97:1e:15:11:6e,-78
1119,14,20220401_181107,26.08,66.81,central,58:97:1e:15:11:6f,-78
1120,14,20220401_181107,26.08,66.81,eduroam,54:78:1a:21:3b:c1,-79
1121,14,20220401_181107,26.08,66.81,central,54:78:1a:21:3b:c0,-79
1122,14,20220401_181107,26.08,66.81,eduroam,34:a8:4e:fd:68:e1,-80
1123,14,20220401_181107,26.08,66.81,central,34:a8:4e:fd:68:e0,-81
1124,14,20220401_181107,26.08,66.81,eduroam,58:97:1e:14:75:5e,-81
1125,14,20220401_181107,26.08,66.81,central,58:97:1e:14:75:5f,-81
1126,14,20220401_181107,26.08,66.81,eduroam,b8:be:bf:ef:4e:a1,-84
1127,14,20220401_181107,26.08,66.81,central,54:78:1a:73:a2:6f,-88
1128,14,20220401_181107,26.08,66.81,eduroam,54:78:1a:73:a2:6e,-89
1129,15,20220401_181136,23.64,66.81,eduroam,58:97:1e:14:75:51,-62
1130,15,20220401_181136,23.64,66.81,central,58:97:1e:14:75:50,-63
1131,15,20220401_181136,23.64,66.81,central,54:78:1a:73:a2:60,-69
1132,15,20220401_181136,23.64,66.81,eduroam,54:78:1a:73:a2:61,-69
1133,15,20220401_181136,23.64,66.81,eduroam,58:97:1e:15:11:61,-70
1134,15,20220401_181136,23.64,66.81,eduroam,6c:99:89:0d:91:41,-71
1135,15,20220401_181136,23.64,66.81,central,6c:99:89:0d:91:40,-71
1136,15,20220401_181136,23.64,66.81,eduroam,58:97:1e:15:11:6e,-80
1137,15,20220401_181136,23.64,66.81,central,58:97:1e:15:11:6f,-80
1138,15,20220401_181136,23.64,66.81,eduroam,34:a8:4e:fd:68:e1,-82
1139,15,20220401_181136,23.64,66.81,eduroam,58:97:1e:14:75:5e,-82
1140,15,20220401_181136,23.64,66.81,central,58:97:1e:14:75:5f,-82
1141,15,20220401_181136,23.64,66.81,central,54:78:1a:73:a2:6f,-82
1142,15,20220401_181136,23.64,66.81,eduroam,54:78:1a:73:a2:6e,-82
1143,15,20220401_181136,23.64,66.81,central,34:a8:4e:fd:68:e0,-83
1144,15,20220401_181136,23.64,66.81,central,54:78:1a:21:3b:c0,-83
1145,15,20220401_181136,23.64,66.81,eduroam,54:78:1a:21:3b:c1,-84
1146,16,20220401_181303,21.2,66.81,eduroam,54:78:1a:73:a2:61,-68
1147,16,20220401_181303,21.2,66.81,eduroam,6c:99:89:0d:91:41,-68
1148,16,20220401_181303,21.2,66.81,central,6c:99:89:0d:91:40,-68
1149,16,20220401_181303,21.2,66.81,central,54:78:1a:73:a2:60,-69
1150,16,20220401_181303,21.2,66.81,eduroam,58:97:1e:14:75:51,-70
1151,16,20220401_181303,21.2,66.81,central,58:97:1e:14:75:50,-70
1152,16,20220401_181303,21.2,66.81,eduroam,54:78:1a:21:3b:c1,-75
1153,16,20220401_181303,21.2,66.81,central,54:78:1a:21:3b:c0,-75
1154,16,20220401_181303,21.2,66.81,central,54:78:1a:73:a2:6f,-87
1155,16,20220401_181303,21.2,66.81,eduroam,54:78:1a:73:a2:6e,-87
1156,16,20220401_181303,21.2,66.81,eduroam,58:97:1e:15:11:6e,-89
1157,16,20220401_181303,21.2,66.81,central,58:97:1e:15:11:6f,-89
1158,16,20220401_181303,21.2,66.81,central,58:97:1e:14:75:5f,-90
1159,16,20220401_181303,21.2,66.81,eduroam,6c:99:89:0d:91:4e,-90
1160,16,20220401_181303,21.2,66.81,eduroam,58:97:1e:14:75:5e,-91
1161,16,20220401_181303,21.2,66.81,central,6c:99:89:0d:91:4f,-91
1162,17,20220401_181336,18.76,66.81,central,54:78:1a:73:a2:60,-63
1163,17,20220401_181336,18.76,66.81,eduroam,54:78:1a:73:a2:61,-64
1164,17,20220401_181336,18.76,66.81,eduroam,6c:99:89:0d:91:41,-65
1165,17,20220401_181336,18.76,66.81,central,6c:99:89:0d:91:40,-65
1166,17,20220401_181336,18.76,66.81,eduroam,54:78:1a:21:3b:c1,-70
1167,17,20220401_181336,18.76,66.81,central,54:78:1a:21:3b:c0,-70
1168,17,20220401_181336,18.76,66.81,eduroam,58:97:1e:15:11:61,-77
1169,17,20220401_181336,18.76,66.81,central,54:78:1a:73:a2:6f,-80
1170,17,20220401_181336,18.76,66.81,eduroam,54:78:1a:73:a2:6e,-80
1171,17,20220401_181336,18.76,66.81,eduroam,34:a8:4e:fd:68:e1,-84
1172,17,20220401_181336,18.76,66.81,eduroam,6c:99:89:0d:91:4e,-86
1173,17,20220401_181336,18.76,66.81,central,6c:99:89:0d:91:4f,-87
1174,17,20220401_181336,18.76,66.81,eduroam,58:97:1e:14:75:5e,-88
1175,17,20220401_181336,18.76,66.81,central,58:97:1e:14:75:5f,-89
1176,18,20220401_181417,16.32,66.81,central,54:78:1a:73:a2:60,-59
1177,18,20220401_181417,16.32,66.81,eduroam,54:78:1a:73:a2:61,-59
1178,18,20220401_181417,16.32,66.81,eduroam,6c:99:89:0d:91:41,-63
1179,18,20220401_181417,16.32,66.81,central,6c:99:89:0d:91:40,-63
1180,18,20220401_181417,16.32,66.81,eduroam,58:97:1e:14:75:51,-72
1181,18,20220401_181417,16.32,66.81,eduroam,54:78:1a:21:3b:c1,-73
1182,18,20220401_181417,16.32,66.81,central,54:78:1a:73:a2:6f,-75
1183,18,20220401_181417,16.32,66.81,eduroam,54:78:1a:73:a2:6e,-75
1184,18,20220401_181417,16.32,66.81,eduroam,b8:be:bf:ef:4e:a1,-75
1185,18,20220401_181417,16.32,66.81,eduroam,58:97:1e:15:11:61,-75
1186,18,20220401_181417,16.32,66.81,central,58:97:1e:15:11:6f,-87
1187,18,20220401_181417,16.32,66.81,eduroam,58:97:1e:15:11:6e,-88
1188,18,20220401_181417,16.32,66.81,central,6c:99:89:0d:91:4f,-88
1189,18,20220401_181417,16.32,66.81,eduroam,6c:99:89:0d:91:4e,-88
1190,19,20220401_181505,13.88,66.81,eduroam,6c:99:89:0d:91:41,-58
1191,19,20220401_181505,13.88,66.81,central,6c:99:89:0d:91:40,-58
1192,19,20220401_181505,13.88,66.81,central,54:78:1a:73:a2:60,-59
1193,19,20220401_181505,13.88,66.81,eduroam,54:78:1a:73:a2:61,-59
1194,19,20220401_181505,13.88,66.81,eduroam,54:78:1a:73:a2:6e,-75
1195,19,20220401_181505,13.88,66.81,central,6c:99:89:0d:91:4f,-75
1196,19,20220401_181505,13.88,66.81,eduroam,6c:99:89:0d:91:4e,-75
1197,19,20220401_181505,13.88,66.81,central,54:78:1a:73:a2:6f,-77
1198,19,20220401_181505,13.88,66.81,eduroam,58:97:1e:15:11:61,-79
1199,19,20220401_181505,13.88,66.81,central,58:97:1e:14:75:50,-80
1200,19,20220401_181505,13.88,66.81,central,54:78:1a:21:3b:cf,-88
1201,19,20220401_181505,13.88,66.81,eduroam,54:78:1a:21:3b:ce,-89
1202,19,20220401_181505,13.88,66.81,eduroam,58:97:1e:14:75:5e,-92
1203,19,20220401_181505,13.88,66.81,central,58:97:1e:14:75:5f,-94
1204,20,20220401_181556,11.44,66.81,central,54:78:1a:73:a2:60,-53
1205,20,20220401_181556,11.44,66.81,eduroam,54:78:1a:73:a2:61,-53
1206,20,20220401_181556,11.44,66.81,eduroam,6c:99:89:0d:91:41,-58
1207,20,20220401_181556,11.44,66.81,central,6c:99:89:0d:91:40,-58
1208,20,20220401_181556,11.44,66.81,central,54:78:1a:73:a2:6f,-60
1209,20,20220401_181556,11.44,66.81,eduroam,54:78:1a:73:a2:6e,-60
1210,20,20220401_181556,11.44,66.81,central,54:78:1a:21:3b:c0,-64
1211,20,20220401_181556,11.44,66.81,eduroam,54:78:1a:21:3b:c1,-65
1212,20,20220401_181556,11.44,66.81,eduroam,6c:99:89:0d:91:4e,-76
1213,20,20220401_181556,11.44,66.81,central,6c:99:89:0d:91:4f,-77
1214,20,20220401_181556,11.44,66.81,eduroam,58:97:1e:14:75:51,-79
1215,20,20220401_181556,11.44,66.81,central,58:97:1e:14:75:50,-79
1216,20,20220401_181556,11.44,66.81,eduroam,58:97:1e:15:11:61,-81
1217,20,20220401_181556,11.44,66.81,eduroam,54:78:1a:21:3b:ce,-84
1218,20,20220401_181556,11.44,66.81,central,54:78:1a:21:3b:cf,-85
1219,20,20220401_181556,11.44,66.81,central,58:97:1e:14:75:5f,-92
1220,20,20220401_181556,11.44,66.81,eduroam,58:97:1e:14:75:5e,-93
1221,21,20220401_181719,10.22,66.81,central,54:78:1a:73:a2:60,-53
1222,21,20220401_181719,10.22,66.81,eduroam,54:78:1a:73:a2:61,-53
1223,21,20220401_181719,10.22,66.81,eduroam,6c:99:89:0d:91:41,-58
1224,21,20220401_181719,10.22,66.81,central,6c:99:89:0d:91:40,-58
1225,21,20220401_181719,10.22,66.81,eduroam,54:78:1a:73:a2:6e,-65
1226,21,20220401_181719,10.22,66.81,eduroam,54:78:1a:21:3b:c1,-66
1227,21,20220401_181719,10.22,66.81,central,54:78:1a:21:3b:c0,-66
1228,21,20220401_181719,10.22,66.81,central,54:78:1a:73:a2:6f,-68
1229,21,20220401_181719,10.22,66.81,central,6c:99:89:0d:91:4f,-70
1230,21,20220401_181719,10.22,66.81,eduroam,6c:99:89:0d:91:4e,-70
1231,21,20220401_181719,10.22,66.81,central,b8:be:bf:ef:4e:a0,-76
1232,21,20220401_181719,10.22,66.81,central,54:78:1a:21:3b:cf,-85
1233,21,20220401_181719,10.22,66.81,eduroam,54:78:1a:21:3b:ce,-85
1234,22,20220401_181803,10.22,69.25,eduroam,6c:99:89:0d:91:41,-52
1235,22,20220401_181803,10.22,69.25,central,6c:99:89:0d:91:40,-52
1236,22,20220401_181803,10.22,69.25,eduroam,54:78:1a:73:a2:61,-57
1237,22,20220401_181803,10.22,69.25,central,54:78:1a:73:a2:60,-59
1238,22,20220401_181803,10.22,69.25,eduroam,54:78:1a:21:3b:c1,-59
1239,22,20220401_181803,10.22,69.25,central,54:78:1a:21:3b:c0,-59
1240,22,20220401_181803,10.22,69.25,central,54:78:1a:73:a2:6f,-70
1241,22,20220401_181803,10.22,69.25,eduroam,54:78:1a:73:a2:6e,-70
1242,22,20220401_181803,10.22,69.25,eduroam,58:97:1e:14:75:51,-72
1243,22,20220401_181803,10.22,69.25,central,58:97:1e:14:75:50,-72
1244,22,20220401_181803,10.22,69.25,eduroam,6c:99:89:0d:91:4e,-74
1245,22,20220401_181803,10.22,69.25,central,6c:99:89:0d:91:4f,-75
1246,22,20220401_181803,10.22,69.25,central,b8:be:bf:ef:4e:a0,-77
1247,22,20220401_181803,10.22,69.25,eduroam,b8:be:bf:ef:4e:a1,-78
1248,22,20220401_181803,10.22,69.25,central,54:78:1a:21:3b:cf,-79
1249,22,20220401_181803,10.22,69.25,eduroam,54:78:1a:21:3b:ce,-79
1250,23,20220401_181839,7.78,69.25,central,54:78:1a:73:a2:60,-55
1251,23,20220401_181839,7.78,69.25,eduroam,54:78:1a:73:a2:61,-56
1252,23,20220401_181839,7.78,69.25,eduroam,6c:99:89:0d:91:41,-62
1253,23,20220401_181839,7.78,69.25,central,6c:99:89:0d:91:40,-62
1254,23,20220401_181839,7.78,69.25,eduroam,54:78:1a:21:3b:c1,-66
1255,23,20220401_181839,7.78,69.25,central,54:78:1a:21:3b:c0,-66
1256,23,20220401_181839,7.78,69.25,central,54:78:1a:73:a2:6f,-72
1257,23,20220401_181839,7.78,69.25,eduroam,54:78:1a:73:a2:6e,-72
1258,23,20220401_181839,7.78,69.25,eduroam,6c:99:89:0d:91:4e,-76
1259,23,20220401_181839,7.78,69.25,central,6c:99:89:0d:91:4f,-77
1260,23,20220401_181839,7.78,69.25,eduroam,58:97:1e:14:75:51,-79
1261,23,20220401_181839,7.78,69.25,central,58:97:1e:14:75:50,-79
1262,23,20220401_181839,7.78,69.25,eduroam,54:78:1a:21:3b:ce,-80
1263,23,20220401_181839,7.78,69.25,central,54:78:1a:21:3b:cf,-81
1264,24,20220401_181931,6.56,71.69,eduroam,6c:99:89:0d:91:41,-50
1265,24,20220401_181931,6.56,71.69,central,6c:99:89:0d:91:40,-50
1266,24,20220401_181931,6.56,71.69,central,54:78:1a:73:a2:60,-54
1267,24,20220401_181931,6.56,71.69,eduroam,54:78:1a:73:a2:61,-55
1268,24,20220401_181931,6.56,71.69,eduroam,54:78:1a:21:3b:c1,-59
1269,24,20220401_181931,6.56,71.69,central,54:78:1a:21:3b:c0,-59
1270,24,20220401_181931,6.56,71.69,eduroam,b8:be:bf:ef:4e:a1,-73
1271,24,20220401_181931,6.56,71.69,central,6c:99:89:0d:91:4f,-74
1272,24,20220401_181931,6.56,71.69,eduroam,6c:99:89:0d:91:4e,-75
1273,24,20220401_181931,6.56,71.69,central,54:78:1a:73:a2:6f,-77
1274,24,20220401_181931,6.56,71.69,eduroam,54:78:1a:73:a2:6e,-77
1275,24,20220401_181931,6.56,71.69,central,54:78:1a:21:3b:cf,-77
1276,24,20220401_181931,6.56,71.69,eduroam,54:78:1a:21:3b:ce,-77
1277,24,20220401_181931,6.56,71.69,eduroam,58:97:1e:14:75:51,-80
1278,24,20220401_181931,6.56,71.69,central,58:97:1e:14:75:50,-81
1279,25,20220401_181956,6.56,76.57,eduroam,6c:99:89:0d:91:41,-51
1280,25,20220401_181956,6.56,76.57,central,6c:99:89:0d:91:40,-51
1281,25,20220401_181956,6.56,76.57,eduroam,54:78:1a:21:3b:c1,-57
1282,25,20220401_181956,6.56,76.57,central,54:78:1a:21:3b:c0,-58
1283,25,20220401_181956,6.56,76.57,central,54:78:1a:73:a2:60,-61
1284,25,20220401_181956,6.56,76.57,eduroam,54:78:1a:73:a2:61,-63
1285,25,20220401_181956,6.56,76.57,central,54:78:1a:21:3b:cf,-69
1286,25,20220401_181956,6.56,76.57,eduroam,54:78:1a:21:3b:ce,-70
1287,25,20220401_181956,6.56,76.57,eduroam,6c:99:89:0d:91:4e,-72
1288,25,20220401_181956,6.56,76.57,central,6c:99:89:0d:91:4f,-73
1289,25,20220401_181956,6.56,76.57,eduroam,58:97:1e:14:75:51,-77
1290,25,20220401_181956,6.56,76.57,central,58:97:1e:14:75:50,-77
1291,25,20220401_181956,6.56,76.57,eduroam,b8:be:bf:ef:4e:a1,-77
1292,25,20220401_181956,6.56,76.57,central,54:78:1a:73:a2:6f,-80
1293,25,20220401_181956,6.56,76.57,eduroam,54:78:1a:73:a2:6e,-80
1294,25,20220401_181956,6.56,76.57,eduroam,b8:3a:5a:bb:64:60,-83
1295,25,20220401_181956,6.56,76.57,Visit-Ed,b8:3a:5a:bb:64:62,-84
1296,25,20220401_181956,6.56,76.57,central,b8:3a:5a:bb:64:61,-85
1297,26,20220401_182032,6.56,79.01,eduroam,6c:99:89:0d:91:41,-50
1298,26,20220401_182032,6.56,79.01,central,6c:99:89:0d:91:40,-50
1299,26,20220401_182032,6.56,79.01,eduroam,54:78:1a:21:3b:c1,-53
1300,26,20220401_182032,6.56,79.01,central,54:78:1a:21:3b:c0,-53
1301,26,20220401_182032,6.56,79.01,central,54:78:1a:73:a2:60,-60
1302,26,20220401_182032,6.56,79.01,eduroam,54:78:1a:73:a2:61,-63
1303,26,20220401_182032,6.56,79.01,eduroam,6c:99:89:0d:91:4e,-71
1304,26,20220401_182032,6.56,79.01,central,6c:99:89:0d:91:4f,-72
1305,26,20220401_182032,6.56,79.01,eduroam,54:78:1a:21:3b:ce,-72
1306,26,20220401_182032,6.56,79.01,central,54:78:1a:21:3b:cf,-73
1307,26,20220401_182032,6.56,79.01,eduroam,58:97:1e:14:75:51,-79
1308,26,20220401_182032,6.56,79.01,central,58:97:1e:14:75:50,-79
1309,26,20220401_182032,6.56,79.01,eduroam,b8:be:bf:ef:4e:a1,-79
1310,26,20220401_182032,6.56,79.01,central,54:78:1a:73:a2:6f,-81
1311,26,20220401_182032,6.56,79.01,eduroam,54:78:1a:73:a2:6e,-81
1312,26,20220401_182032,6.56,79.01,Visit-Ed,b8:3a:5a:bb:64:62,-85
1313,27,20220401_182100,6.56,81.45,eduroam,6c:99:89:0d:91:41,-42
1314,27,20220401_182100,6.56,81.45,central,6c:99:89:0d:91:40,-42
1315,27,20220401_182100,6.56,81.45,eduroam,54:78:1a:21:3b:c1,-56
1316,27,20220401_182100,6.56,81.45,central,54:78:1a:21:3b:c0,-57
1317,27,20220401_182100,6.56,81.45,eduroam,6c:99:89:0d:91:4e,-63
1318,27,20220401_182100,6.56,81.45,central,6c:99:89:0d:91:4f,-64
1319,27,20220401_182100,6.56,81.45,central,54:78:1a:21:3b:cf,-65
1320,27,20220401_182100,6.56,81.45,central,54:78:1a:73:a2:60,-66
1321,27,20220401_182100,6.56,81.45,eduroam,54:78:1a:73:a2:61,-66
1322,27,20220401_182100,6.56,81.45,eduroam,54:78:1a:21:3b:ce,-66
1323,27,20220401_182100,6.56,81.45,eduroam,b8:3a:5a:bb:64:60,-81
1324,27,20220401_182100,6.56,81.45,eduroam,54:78:1a:73:a2:6e,-85
1325,27,20220401_182100,6.56,81.45,central,54:78:1a:73:a2:6f,-86
1326,28,20220401_182147,6.56,85.11,eduroam,6c:99:89:0d:91:41,-43
1327,28,20220401_182147,6.56,85.11,central,6c:99:89:0d:91:40,-43
1328,28,20220401_182147,6.56,85.11,eduroam,54:78:1a:21:3b:c1,-56
1329,28,20220401_182147,6.56,85.11,central,54:78:1a:21:3b:c0,-56
1330,28,20220401_182147,6.56,85.11,eduroam,6c:99:89:0d:91:4e,-61
1331,28,20220401_182147,6.56,85.11,central,6c:99:89:0d:91:4f,-62
1332,28,20220401_182147,6.56,85.11,central,54:78:1a:73:a2:60,-67
1333,28,20220401_182147,6.56,85.11,eduroam,54:78:1a:73:a2:61,-68
1334,28,20220401_182147,6.56,85.11,central,54:78:1a:21:3b:cf,-71
1335,28,20220401_182147,6.56,85.11,eduroam,54:78:1a:21:3b:ce,-71
1336,28,20220401_182147,6.56,85.11,eduroam,58:97:1e:14:75:51,-82
1337,28,20220401_182147,6.56,85.11,central,58:97:1e:14:75:50,-82
1338,28,20220401_182147,6.56,85.11,eduroam,b8:be:bf:ef:4e:a1,-84
1339,28,20220401_182147,6.56,85.11,eduroam,00:a6:ca:71:6d:51,-84
